MMSI,BaseDateTime,LAT,LON,SOG,COG,Heading,VesselName,IMO,CallSign,VesselType,MP_Mode,Length,Width,Draft,Cargo,TransceiverClass,VesselID
375605000,2025-08-07T12:48:49,18.255740483238124,-64.9815632616935,0,0,-1.9677040968558381,DENI,IMO9844382,J8B6015,52,1,28,11,4.7,52,A,1
564702000,2025-08-07T12:48:49,18.23345376277366,-64.98264312921759,0,0,2.077168865267603,EPIC CURACAO,IMO9698288,9V2515,80,1,95,15,5.5,80,A,2
353327000,2025-08-07T12:48:49,18.257374928217377,-64.97758330638342,0,0,-1.8370428848480087,GRAPETREE BAY,IMO8133968,HO8940,31,1,27,8,3.4,52,A,3
565516000,2025-08-07T12:48:49,18.24443438663904,-64.97850370111956,0,0,1.3476909223699218,KAZAK,IMO9739549,9V2928,80,1,119,20,7.3,80,A,4
375605000,2025-08-07T12:48:50,18.25572912639955,-64.98156838192912,0,0,-1.9675415310687383,DENI,IMO9844382,J8B6015,52,1,28,11,4.7,52,A,1
564702000,2025-08-07T12:48:50,18.233464448438355,-64.98264945097532,0,0,2.0767218980251503,EPIC CURACAO,IMO9698288,9V2515,80,1,95,15,5.5,80,A,2
353327000,2025-08-07T12:48:50,18.257363153916927,-64.97758655367741,0,0,-1.8374498313238838,GRAPETREE BAY,IMO8133968,HO8940,31,1,27,8,3.4,52,A,3
565516000,2025-08-07T12:48:50,18.244434377155407,-64.97850377961144,0,0,1.3477770604958823,KAZAK,IMO9739549,9V2928,80,1,119,20,7.3,80,A,4
375605000,2025-08-07T12:48:50,18.255721651802222,-64.98157159442343,0,0,-1.9676807963867249,DENI,IMO9844382,J8B6015,52,1,28,11,4.7,52,A,1
564702000,2025-08-07T12:48:50,18.233471528005307,-64.98265374791362,0,0,2.0765061512374516,EPIC CURACAO,IMO9698288,9V2515,80,1,95,15,5.5,80,A,2
353327000,2025-08-07T12:48:50,18.257355236044553,-64.9775888624281,0,0,-1.8384808784173243,GRAPETREE BAY,IMO8133968,HO8940,31,1,27,8,3.4,52,A,3
565516000,2025-08-07T12:48:50,18.244434404810516,-64.97850375410755,0,0,1.3477096563776412,KAZAK,IMO9739549,9V2928,80,1,119,20,7.3,80,A,4
375605000,2025-08-07T12:48:51,18.255710321227102,-64.9815765643542,0,0,-1.9681467568614823,DENI,IMO9844382,J8B6015,52,1,28,11,4.7,52,A,1
564702000,2025-08-07T12:48:51,18.233482225864474,-64.98265997941314,0,0,2.076732824334132,EPIC CURACAO,IMO9698288,9V2515,80,1,95,15,5.5,80,A,2
353327000,2025-08-07T12:48:51,18.257343451648882,-64.97759210439044,0,0,-1.838987947239778,GRAPETREE BAY,IMO8133968,HO8940,31,1,27,8,3.4,52,A,3
565516000,2025-08-07T12:48:51,18.244434440626033,-64.97850376806531,0,0,1.34770811441787,KAZAK,IMO9739549,9V2928,80,1,119,20,7.3,80,A,4
375605000,2025-08-07T12:48:51,18.255702773496026,-64.98157985631485,0,0,-1.9690131744999573,DENI,IMO9844382,J8B6015,52,1,28,11,4.7,52,A,1
564702000,2025-08-07T12:48:51,18.233489391836784,-64.98266403178984,0,0,2.077402752481611,EPIC CURACAO,IMO9698288,9V2515,80,1,95,15,5.5,80,A,2
353327000,2025-08-07T12:48:51,18.257335589384365,-64.97759427661788,0,0,-1.8392087843005986,GRAPETREE BAY,IMO8133968,HO8940,31,1,27,8,3.4,52,A,3
565516000,2025-08-07T12:48:51,18.24443443111797,-64.97850387465144,0,0,1.347910774116929,KAZAK,IMO9739549,9V2928,80,1,119,20,7.3,80,A,4
375605000,2025-08-07T12:48:52,18.255691538067737,-64.98158462061568,0,0,-1.9693468424751694,DENI,IMO9844382,J8B6015,52,1,28,11,4.7,52,A,1
564702000,2025-08-07T12:48:52,18.23350005135826,-64.98267027829405,0,0,2.0778438958172853,EPIC CURACAO,IMO9698288,9V2515,80,1,95,15,5.5,80,A,2
353327000,2025-08-07T12:48:52,18.2573237287389,-64.97759775716798,0,0,-1.8390982648789984,GRAPETREE BAY,IMO8133968,HO8940,31,1,27,8,3.4,52,A,3
565516000,2025-08-07T12:48:52,18.244434421756107,-64.97850397754233,0,0,1.3480011405153745,KAZAK,IMO9739549,9V2928,80,1,119,20,7.3,80,A,4
375605000,2025-08-07T12:48:52,18.255683955873153,-64.9815879890792,0,0,-1.9695886911001148,DENI,IMO9844382,J8B6015,52,1,28,11,4.7,52,A,1
564702000,2025-08-07T12:48:52,18.23350713710605,-64.98267448807749,0,0,2.078178028784414,EPIC CURACAO,IMO9698288,9V2515,80,1,95,15,5.5,80,A,2
353327000,2025-08-07T12:48:52,18.25731589444616,-64.97759993833454,0,0,-1.838254419055347,GRAPETREE BAY,IMO8133968,HO8940,31,1,27,8,3.4,52,A,3
565516000,2025-08-07T12:48:52,18.244434445318298,-64.97850392771592,0,0,1.3478367656930448,KAZAK,IMO9739549,9V2928,80,1,119,20,7.3,80,A,4
375605000,2025-08-07T12:48:53,18.255672702434932,-64.98159287372614,0,0,-1.9693145815563036,DENI,IMO9844382,J8B6015,52,1,28,11,4.7,52,A,1
564702000,2025-08-07T12:48:53,18.233517858574697,-64.98268063906448,0,0,2.0780323912558027,EPIC CURACAO,IMO9698288,9V2515,80,1,95,15,5.5,80,A,2
353327000,2025-08-07T12:48:53,18.25730407278181,-64.97760338871728,0,0,-1.8376671052209794,GRAPETREE BAY,IMO8133968,HO8940,31,1,27,8,3.4,52,A,3
565516000,2025-08-07T12:48:53,18.24443447185818,-64.97850385751408,0,0,1.3477321633736916,KAZAK,IMO9739549,9V2928,80,1,119,20,7.3,80,A,4
375605000,2025-08-07T12:48:53,18.25566518075948,-64.9815961783806,0,0,-1.968586432883418,DENI,IMO9844382,J8B6015,52,1,28,11,4.7,52,A,1
564702000,2025-08-07T12:48:53,18.23352500989552,-64.98268476567593,0,0,2.0773765990424646,EPIC CURACAO,IMO9698288,9V2515,80,1,95,15,5.5,80,A,2
353327000,2025-08-07T12:48:53,18.257296170879105,-64.97760574783112,0,0,-1.8371551249642306,GRAPETREE BAY,IMO8133968,HO8940,31,1,27,8,3.4,52,A,3
565516000,2025-08-07T12:48:53,18.24443445632126,-64.97850389597107,0,0,1.3477795020197492,KAZAK,IMO9739549,9V2928,80,1,119,20,7.3,80,A,4
375605000,2025-08-07T12:48:54,18.25565383419698,-64.98160129890994,0,0,-1.9682116064798072,DENI,IMO9844382,J8B6015,52,1,28,11,4.7,52,A,1
564702000,2025-08-07T12:48:54,18.2335356437004,-64.98269119073494,0,0,2.0768828595040922,EPIC CURACAO,IMO9698288,9V2515,80,1,95,15,5.5,80,A,2
353327000,2025-08-07T12:48:54,18.257284411172343,-64.97760902742245,0,0,-1.8370625808906824,GRAPETREE BAY,IMO8133968,HO8940,31,1,27,8,3.4,52,A,3
565516000,2025-08-07T12:48:54,18.24443444187229,-64.97850391892716,0,0,1.347784826431145,KAZAK,IMO9739549,9V2928,80,1,119,20,7.3,80,A,4
375605000,2025-08-07T12:48:54,18.255646364090577,-64.98160453110782,0,0,-1.9678211934809084,DENI,IMO9844382,J8B6015,52,1,28,11,4.7,52,A,1
564702000,2025-08-07T12:48:54,18.23354274541941,-64.98269545019282,0,0,2.0763627038773826,EPIC CURACAO,IMO9698288,9V2515,80,1,95,15,5.5,80,A,2
353327000,2025-08-07T12:48:54,18.257276508571824,-64.97761133405955,0,0,-1.8376581474046938,GRAPETREE BAY,IMO8133968,HO8940,31,1,27,8,3.4,52,A,3
565516000,2025-08-07T12:48:54,18.244434466139268,-64.97850384916659,0,0,1.3476025749272929,KAZAK,IMO9739549,9V2928,80,1,119,20,7.3,80,A,4
375605000,2025-08-07T12:48:55,18.25563502289173,-64.98160957350666,0,0,-1.9679928859117328,DENI,IMO9844382,J8B6015,52,1,28,11,4.7,52,A,1
564702000,2025-08-07T12:48:55,18.23355348693299,-64.98270162233639,0,0,2.076313420795394,EPIC CURACAO,IMO9698288,9V2515,80,1,95,15,5.5,80,A,2
353327000,2025-08-07T12:48:55,18.257264689807627,-64.97761468193275,0,0,-1.8382922607380678,GRAPETREE BAY,IMO8133968,HO8940,31,1,27,8,3.4,52,A,3
565516000,2025-08-07T12:48:55,18.244434498528758,-64.9785038146116,0,0,1.3475718020790786,KAZAK,IMO9739549,9V2928,80,1,119,20,7.3,80,A,4
375605000,2025-08-07T12:48:55,18.255627487624704,-64.98161286832877,0,0,-1.9686738182835612,DENI,IMO9844382,J8B6015,52,1,28,11,4.7,52,A,1
564702000,2025-08-07T12:48:55,18.23356062280085,-64.98270576362813,0,0,2.076704203949829,EPIC CURACAO,IMO9698288,9V2515,80,1,95,15,5.5,80,A,2
353327000,2025-08-07T12:48:55,18.2572568476897,-64.97761679475542,0,0,-1.8390648169864092,GRAPETREE BAY,IMO8133968,HO8940,31,1,27,8,3.4,52,A,3
565516000,2025-08-07T12:48:55,18.244434488691287,-64.97850391235684,0,0,1.3477975212838873,KAZAK,IMO9739549,9V2928,80,1,119,20,7.3,80,A,4
375605000,2025-08-07T12:48:56,18.255616242896433,-64.9816176579167,0,0,-1.9691666292666754,DENI,IMO9844382,J8B6015,52,1,28,11,4.7,52,A,1
564702000,2025-08-07T12:48:56,18.233571251763568,-64.98271209277239,0,0,2.077159432063691,EPIC CURACAO,IMO9698288,9V2515,80,1,95,15,5.5,80,A,2
353327000,2025-08-07T12:48:56,18.257244985103945,-64.97762022730059,0,0,-1.839456185389776,GRAPETREE BAY,IMO8133968,HO8940,31,1,27,8,3.4,52,A,3
565516000,2025-08-07T12:48:56,18.244434482774963,-64.97850403913773,0,0,1.3479323975099493,KAZAK,IMO9739549,9V2928,80,1,119,20,7.3,80,A,4
375605000,2025-08-07T12:48:56,18.2556086594788,-64.98162101573608,0,0,-1.9698788246649495,DENI,IMO9844382,J8B6015,52,1,28,11,4.7,52,A,1
564702000,2025-08-07T12:48:56,18.233578376366047,-64.98271621315905,0,0,2.0777636490712617,EPIC CURACAO,IMO9698288,9V2515,80,1,95,15,5.5,80,A,2
353327000,2025-08-07T12:48:56,18.25723713144214,-64.97762242188631,0,0,-1.8392997822523267,GRAPETREE BAY,IMO8133968,HO8940,31,1,27,8,3.4,52,A,3
565516000,2025-08-07T12:48:56,18.24443451025544,-64.9785040242581,0,0,1.3478601060181725,KAZAK,IMO9739549,9V2928,80,1,119,20,7.3,80,A,4
375605000,2025-08-07T12:48:57,18.255597417879134,-64.98162583600701,0,0,-1.9699349733867833,DENI,IMO9844382,J8B6015,52,1,28,11,4.7,52,A,1
564702000,2025-08-07T12:48:57,18.23358912100329,-64.98272228725874,0,0,2.0778727888917254,EPIC CURACAO,IMO9698288,9V2515,80,1,95,15,5.5,80,A,2
353327000,2025-08-07T12:48:57,18.257225343404283,-64.9776257511271,0,0,-1.838792285579278,GRAPETREE BAY,IMO8133968,HO8940,31,1,27,8,3.4,52,A,3
565516000,2025-08-07T12:48:57,18.244434542044708,-64.97850401643485,0,0,1.3478104312008843,KAZAK,IMO9739549,9V2928,80,1,119,20,7.3,80,A,4
375605000,2025-08-07T12:48:57,18.25558988415575,-64.98162913653996,0,0,-1.9695575869322466,DENI,IMO9844382,J8B6015,52,1,28,11,4.7,52,A,1
564702000,2025-08-07T12:48:57,18.233596232268457,-64.98272647629577,0,0,2.0775686464049894,EPIC CURACAO,IMO9698288,9V2515,80,1,95,15,5.5,80,A,2
353327000,2025-08-07T12:48:57,18.25721742692388,-64.9776281399122,0,0,-1.8380532709577169,GRAPETREE BAY,IMO8133968,HO8940,31,1,27,8,3.4,52,A,3
565516000,2025-08-07T12:48:57,18.244434528757097,-64.97850408753244,0,0,1.3479149970285589,KAZAK,IMO9739549,9V2928,80,1,119,20,7.3,80,A,4
375605000,2025-08-07T12:48:58,18.255578549891883,-64.98163422074695,0,0,-1.9691932814627984,DENI,IMO9844382,J8B6015,52,1,28,11,4.7,52,A,1
564702000,2025-08-07T12:48:58,18.233606859582235,-64.98273288890405,0,0,2.0771499189774776,EPIC CURACAO,IMO9698288,9V2515,80,1,95,15,5.5,80,A,2
353327000,2025-08-07T12:48:58,18.257205660779757,-64.97763147913776,0,0,-1.8375346543817555,GRAPETREE BAY,IMO8133968,HO8940,31,1,27,8,3.4,52,A,3
565516000,2025-08-07T12:48:58,18.24443451450647,-64.978504126339,0,0,1.3479322750839824,KAZAK,IMO9739549,9V2928,80,1,119,20,7.3,80,A,4
375605000,2025-08-07T12:48:58,18.25557108138159,-64.98163746012861,0,0,-1.968468942839408,DENI,IMO9844382,J8B6015,52,1,28,11,4.7,52,A,1
564702000,2025-08-07T12:48:58,18.233614003159374,-64.9827370566304,0,0,2.076418535076438,EPIC CURACAO,IMO9698288,9V2515,80,1,95,15,5.5,80,A,2
353327000,2025-08-07T12:48:58,18.257197783686617,-64.97763376032601,0,0,-1.837313171661534,GRAPETREE BAY,IMO8133968,HO8940,31,1,27,8,3.4,52,A,3
565516000,2025-08-07T12:48:58,18.24443453631779,-64.97850404198445,0,0,1.3476952243472151,KAZAK,IMO9739549,9V2928,80,1,119,20,7.3,80,A,4
375605000,2025-08-07T12:48:59,18.255559732701684,-64.98164256271919,0,0,-1.968321184912287,DENI,IMO9844382,J8B6015,52,1,28,11,4.7,52,A,1
564702000,2025-08-07T12:48:59,18.233624737553757,-64.9827432680873,0,0,2.0760858620922296,EPIC CURACAO,IMO9698288,9V2515,80,1,95,15,5.5,80,A,2
353327000,2025-08-07T12:48:59,18.257185933380573,-64.977637236078,0,0,-1.837628822091441,GRAPETREE BAY,IMO8133968,HO8940,31,1,27,8,3.4,52,A,3
565516000,2025-08-07T12:48:59,18.2444345628126,-64.97850395517044,0,0,1.3475938916162384,KAZAK,IMO9739549,9V2928,80,1,119,20,7.3,80,A,4
375605000,2025-08-07T12:48:59,18.25555221115121,-64.9816458673665,0,0,-1.9685472032615197,DENI,IMO9844382,J8B6015,52,1,28,11,4.7,52,A,1
564702000,2025-08-07T12:48:59,18.233631833556306,-64.98274751951017,0,0,2.0760889249715233,EPIC CURACAO,IMO9698288,9V2515,80,1,95,15,5.5,80,A,2
353327000,2025-08-07T12:48:59,18.25717810030663,-64.97763935888558,0,0,-1.8383850727399111,GRAPETREE BAY,IMO8133968,HO8940,31,1,27,8,3.4,52,A,3
565516000,2025-08-07T12:48:59,18.24443454918841,-64.97850401001158,0,0,1.347711741149137,KAZAK,IMO9739549,9V2928,80,1,119,20,7.3,80,A,4
375605000,2025-08-07T12:49:00,18.25554095524133,-64.98165071459444,0,0,-1.9689476858531705,DENI,IMO9844382,J8B6015,52,1,28,11,4.7,52,A,1
564702000,2025-08-07T12:49:00,18.23364248502755,-64.98275383024517,0,0,2.0764302377302717,EPIC CURACAO,IMO9698288,9V2515,80,1,95,15,5.5,80,A,2
353327000,2025-08-07T12:49:00,18.257166257605412,-64.97764273559986,0,0,-1.8390400978570038,GRAPETREE BAY,IMO8133968,HO8940,31,1,27,8,3.4,52,A,3
565516000,2025-08-07T12:49:00,18.244434540327738,-64.97850408682143,0,0,1.3477957483682035,KAZAK,IMO9739549,9V2928,80,1,119,20,7.3,80,A,4
375605000,2025-08-07T12:49:00,18.255533373329687,-64.98165407825405,0,0,-1.9698540463203011,DENI,IMO9844382,J8B6015,52,1,28,11,4.7,52,A,1
564702000,2025-08-07T12:49:00,18.23364964774378,-64.98275787721884,0,0,2.077145641406485,EPIC CURACAO,IMO9698288,9V2515,80,1,95,15,5.5,80,A,2
353327000,2025-08-07T12:49:00,18.25715837363136,-64.97764497195597,0,0,-1.8396917194451083,GRAPETREE BAY,IMO8133968,HO8940,31,1,27,8,3.4,52,A,3
565516000,2025-08-07T12:49:00,18.24443456833916,-64.9785040605281,0,0,1.3477266368888032,KAZAK,IMO9739549,9V2928,80,1,119,20,7.3,80,A,4
375605000,2025-08-07T12:49:01,18.2555221414173,-64.98165885902924,0,0,-1.9702164001091063,DENI,IMO9844382,J8B6015,52,1,28,11,4.7,52,A,1
564702000,2025-08-07T12:49:01,18.23366036091498,-64.98276400716044,0,0,2.0774895294852858,EPIC CURACAO,IMO9698288,9V2515,80,1,95,15,5.5,80,A,2
353327000,2025-08-07T12:49:01,18.257146609360692,-64.97764819141607,0,0,-1.8396196304458317,GRAPETREE BAY,IMO8133968,HO8940,31,1,27,8,3.4,52,A,3
565516000,2025-08-07T12:49:01,18.244434603554378,-64.97850407650498,0,0,1.3477273798854255,KAZAK,IMO9739549,9V2928,80,1,119,20,7.3,80,A,4
375605000,2025-08-07T12:49:01,18.255514595745485,-64.98166215514811,0,0,-1.9703740832563235,DENI,IMO9844382,J8B6015,52,1,28,11,4.7,52,A,1
564702000,2025-08-07T12:49:01,18.23366744318401,-64.98276823645857,0,0,2.077594246808098,EPIC CURACAO,IMO9698288,9V2515,80,1,95,15,5.5,80,A,2
353327000,2025-08-07T12:49:01,18.257138697545585,-64.97765053793069,0,0,-1.8392184068225519,GRAPETREE BAY,IMO8133968,HO8940,31,1,27,8,3.4,52,A,3
565516000,2025-08-07T12:49:01,18.24443459369781,-64.97850418394474,0,0,1.3479319417137767,KAZAK,IMO9739549,9V2928,80,1,119,20,7.3,80,A,4
375605000,2025-08-07T12:49:02,18.25550327508867,-64.98166717721958,0,0,-1.9702260799568043,DENI,IMO9844382,J8B6015,52,1,28,11,4.7,52,A,1
564702000,2025-08-07T12:49:02,18.233678116289614,-64.98277451462724,0,0,2.0773244816845904,EPIC CURACAO,IMO9698288,9V2515,80,1,95,15,5.5,80,A,2
353327000,2025-08-07T12:49:02,18.25712690538545,-64.97765393106843,0,0,-1.8386628545186676,GRAPETREE BAY,IMO8133968,HO8940,31,1,27,8,3.4,52,A,3
565516000,2025-08-07T12:49:02,18.244434584899512,-64.97850428466845,0,0,1.3480197217582768,KAZAK,IMO9739549,9V2928,80,1,119,20,7.3,80,A,4
375605000,2025-08-07T12:49:02,18.25549580467249,-64.98167040818674,0,0,-1.9695076257296475,DENI,IMO9844382,J8B6015,52,1,28,11,4.7,52,A,1
564702000,2025-08-07T12:49:02,18.23368528331576,-64.9827786192621,0,0,2.0765544193995185,EPIC CURACAO,IMO9698288,9V2515,80,1,95,15,5.5,80,A,2
353327000,2025-08-07T12:49:02,18.257119053677627,-64.97765616443398,0,0,-1.837817718355203,GRAPETREE BAY,IMO8133968,HO8940,31,1,27,8,3.4,52,A,3
565516000,2025-08-07T12:49:02,18.244434608786193,-64.97850423374133,0,0,1.3478528555093425,KAZAK,IMO9739549,9V2928,80,1,119,20,7.3,80,A,4
375605000,2025-08-07T12:49:03,18.255484451573537,-64.98167554088573,0,0,-1.9691864797810628,DENI,IMO9844382,J8B6015,52,1,28,11,4.7,52,A,1
564702000,2025-08-07T12:49:03,18.23369596635757,-64.98278494669522,0,0,2.0760625231076917,EPIC CURACAO,IMO9698288,9V2515,80,1,95,15,5.5,80,A,2
353327000,2025-08-07T12:49:03,18.257107189580935,-64.97765972232669,0,0,-1.8376510462138709,GRAPETREE BAY,IMO8133968,HO8940,31,1,27,8,3.4,52,A,3
565516000,2025-08-07T12:49:03,18.244434634715514,-64.97850416526391,0,0,1.3477504170961738,KAZAK,IMO9739549,9V2928,80,1,119,20,7.3,80,A,4
375605000,2025-08-07T12:49:03,18.25547694441903,-64.98167884937739,0,0,-1.9689289253855708,DENI,IMO9844382,J8B6015,52,1,28,11,4.7,52,A,1
564702000,2025-08-07T12:49:03,18.233703049114833,-64.98278924396783,0,0,2.0757137672113726,EPIC CURACAO,IMO9698288,9V2515,80,1,95,15,5.5,80,A,2
353327000,2025-08-07T12:49:03,18.25709934926832,-64.97766191411931,0,0,-1.8378301802708334,GRAPETREE BAY,IMO8133968,HO8940,31,1,27,8,3.4,52,A,3
565516000,2025-08-07T12:49:03,18.244434618843837,-64.97850420458283,0,0,1.347799525090603,KAZAK,IMO9739549,9V2928,80,1,119,20,7.3,80,A,4
375605000,2025-08-07T12:49:04,18.255465676194163,-64.98168376989926,0,0,-1.969054125864111,DENI,IMO9844382,J8B6015,52,1,28,11,4.7,52,A,1
564702000,2025-08-07T12:49:04,18.23371375651496,-64.98279546966475,0,0,2.075839313991499,EPIC CURACAO,IMO9698288,9V2515,80,1,95,15,5.5,80,A,2
353327000,2025-08-07T12:49:04,18.257087539099306,-64.97766525208952,0,0,-1.838308812452833,GRAPETREE BAY,IMO8133968,HO8940,31,1,27,8,3.4,52,A,3
565516000,2025-08-07T12:49:04,18.244434605009992,-64.97850422566525,0,0,1.347802531621057,KAZAK,IMO9739549,9V2928,80,1,119,20,7.3,80,A,4
375605000,2025-08-07T12:49:04,18.25545809866463,-64.98168715328812,0,0,-1.9698004278871142,DENI,IMO9844382,J8B6015,52,1,28,11,4.7,52,A,1
564702000,2025-08-07T12:49:04,18.23372092326857,-64.98279952828297,0,0,2.076423419574712,EPIC CURACAO,IMO9698288,9V2515,80,1,95,15,5.5,80,A,2
353327000,2025-08-07T12:49:04,18.25707962914617,-64.97766754885066,0,0,-1.8393234105215264,GRAPETREE BAY,IMO8133968,HO8940,31,1,27,8,3.4,52,A,3
565516000,2025-08-07T12:49:04,18.244434629635933,-64.97850415514615,0,0,1.3476190922643076,KAZAK,IMO9739549,9V2928,80,1,119,20,7.3,80,A,4
375605000,2025-08-07T12:49:05,18.255446874218297,-64.98169193150217,0,0,-1.9702987370989375,DENI,IMO9844382,J8B6015,52,1,28,11,4.7,52,A,1
564702000,2025-08-07T12:49:05,18.233731582209543,-64.98280578149249,0,0,2.0768789184429326,EPIC CURACAO,IMO9698288,9V2515,80,1,95,15,5.5,80,A,2
353327000,2025-08-07T12:49:05,18.25706787022386,-64.97767073440555,0,0,-1.8397393272751779,GRAPETREE BAY,IMO8133968,HO8940,31,1,27,8,3.4,52,A,3
565516000,2025-08-07T12:49:05,18.244434661438895,-64.97850412286593,0,0,1.347591121088936,KAZAK,IMO9739549,9V2928,80,1,119,20,7.3,80,A,4
375605000,2025-08-07T12:49:05,18.255439317828557,-64.98169523621762,0,0,-1.9709421631188135,DENI,IMO9844382,J8B6015,52,1,28,11,4.7,52,A,1
564702000,2025-08-07T12:49:05,18.233738674012464,-64.98280997641895,0,0,2.077320089726013,EPIC CURACAO,IMO9698288,9V2515,80,1,95,15,5.5,80,A,2
353327000,2025-08-07T12:49:05,18.257059978068025,-64.9776729967269,0,0,-1.8399954467385864,GRAPETREE BAY,IMO8133968,HO8940,31,1,27,8,3.4,52,A,3
565516000,2025-08-07T12:49:05,18.244434651274407,-64.97850422168236,0,0,1.3478190669652133,KAZAK,IMO9739549,9V2928,80,1,119,20,7.3,80,A,4
375605000,2025-08-07T12:49:06,18.25542801214656,-64.98170019247286,0,0,-1.9711181218375058,DENI,IMO9844382,J8B6015,52,1,28,11,4.7,52,A,1
564702000,2025-08-07T12:49:06,18.233749404450005,-64.98281609733247,0,0,2.0772657883528765,EPIC CURACAO,IMO9698288,9V2515,80,1,95,15,5.5,80,A,2
353327000,2025-08-07T12:49:06,18.25704815082608,-64.97767642095789,0,0,-1.8398181979694892,GRAPETREE BAY,IMO8133968,HO8940,31,1,27,8,3.4,52,A,3
565516000,2025-08-07T12:49:06,18.244434645957064,-64.97850434656094,0,0,1.347951511014492,KAZAK,IMO9739549,9V2928,80,1,119,20,7.3,80,A,4
375605000,2025-08-07T12:49:06,18.255420536295954,-64.98170340625289,0,0,-1.9707386407706262,DENI,IMO9844382,J8B6015,52,1,28,11,4.7,52,A,1
564702000,2025-08-07T12:49:06,18.233756555141902,-64.98282021630253,0,0,2.0767060790050484,EPIC CURACAO,IMO9698288,9V2515,80,1,95,15,5.5,80,A,2
353327000,2025-08-07T12:49:06,18.25704031633782,-64.97767859912581,0,0,-1.8389545576790298,GRAPETREE BAY,IMO8133968,HO8940,31,1,27,8,3.4,52,A,3
565516000,2025-08-07T12:49:06,18.244434673765628,-64.97850433069888,0,0,1.347876751263629,KAZAK,IMO9739549,9V2928,80,1,119,20,7.3,80,A,4
375605000,2025-08-07T12:49:07,18.255409181407686,-64.98170853287824,0,0,-1.9704793417965185,DENI,IMO9844382,J8B6015,52,1,28,11,4.7,52,A,1
564702000,2025-08-07T12:49:07,18.233767189841448,-64.98282663270327,0,0,2.0762219695390383,EPIC CURACAO,IMO9698288,9V2515,80,1,95,15,5.5,80,A,2
353327000,2025-08-07T12:49:07,18.257028461717706,-64.97768214645482,0,0,-1.8384902716105598,GRAPETREE BAY,IMO8133968,HO8940,31,1,27,8,3.4,52,A,3
565516000,2025-08-07T12:49:07,18.24443470493145,-64.97850432458749,0,0,1.34782908323394,KAZAK,IMO9739549,9V2928,80,1,119,20,7.3,80,A,4
375605000,2025-08-07T12:49:07,18.2554016883017,-64.98171182913839,0,0,-1.9699624774804971,DENI,IMO9844382,J8B6015,52,1,28,11,4.7,52,A,1
564702000,2025-08-07T12:49:07,18.233774298079414,-64.98283088075898,0,0,2.0756104731123286,EPIC CURACAO,IMO9698288,9V2515,80,1,95,15,5.5,80,A,2
353327000,2025-08-07T12:49:07,18.25702059852228,-64.97768442801923,0,0,-1.8380132985588105,GRAPETREE BAY,IMO8133968,HO8940,31,1,27,8,3.4,52,A,3
565516000,2025-08-07T12:49:07,18.24443469129776,-64.97850439639603,0,0,1.3479353210062692,KAZAK,IMO9739549,9V2928,80,1,119,20,7.3,80,A,4
375605000,2025-08-07T12:49:08,18.255390407302375,-64.98171681709124,0,0,-1.9698120582975387,DENI,IMO9844382,J8B6015,52,1,28,11,4.7,52,A,1
564702000,2025-08-07T12:49:08,18.233785045300856,-64.9828370520498,0,0,2.0754492358008925,EPIC CURACAO,IMO9698288,9V2515,80,1,95,15,5.5,80,A,2
353327000,2025-08-07T12:49:08,18.257008820791228,-64.97768775010509,0,0,-1.8379921914885147,GRAPETREE BAY,IMO8133968,HO8940,31,1,27,8,3.4,52,A,3
565516000,2025-08-07T12:49:08,18.244434677628316,-64.97850443302869,0,0,1.3479499980765428,KAZAK,IMO9739549,9V2928,80,1,119,20,7.3,80,A,4
375605000,2025-08-07T12:49:08,18.255382837094963,-64.98172022337548,0,0,-1.9701787506557413,DENI,IMO9844382,J8B6015,52,1,28,11,4.7,52,A,1
564702000,2025-08-07T12:49:08,18.233792179772614,-64.98284120563473,0,0,2.075691567279777,EPIC CURACAO,IMO9698288,9V2515,80,1,95,15,5.5,80,A,2
353327000,2025-08-07T12:49:08,18.257000902573086,-64.9776900979841,0,0,-1.8386868785591992,GRAPETREE BAY,IMO8133968,HO8940,31,1,27,8,3.4,52,A,3
565516000,2025-08-07T12:49:08,18.244434699776416,-64.97850434772378,0,0,1.3477111611076242,KAZAK,IMO9739549,9V2928,80,1,119,20,7.3,80,A,4
375605000,2025-08-07T12:49:09,18.255371617574085,-64.98172503283124,0,0,-1.9705892911331397,DENI,IMO9844382,J8B6015,52,1,28,11,4.7,52,A,1
564702000,2025-08-07T12:49:09,18.233802813061953,-64.98284753724181,0,0,2.0761055912939517,EPIC CURACAO,IMO9698288,9V2515,80,1,95,15,5.5,80,A,2
353327000,2025-08-07T12:49:09,18.25698912795217,-64.97769334941488,0,0,-1.8392724740999282,GRAPETREE BAY,IMO8133968,HO8940,31,1,27,8,3.4,52,A,3
565516000,2025-08-07T12:49:09,18.24443472567572,-64.97850426299678,0,0,1.347612491200688,KAZAK,IMO9739549,9V2928,80,1,119,20,7.3,80,A,4
375605000,2025-08-07T12:49:09,18.255364052521532,-64.98172836563059,0,0,-1.9714649684342256,DENI,IMO9844382,J8B6015,52,1,28,11,4.7,52,A,1
564702000,2025-08-07T12:49:09,18.233809945131192,-64.98285164468633,0,0,2.0767611360885034,EPIC CURACAO,IMO9698288,9V2515,80,1,95,15,5.5,80,A,2
353327000,2025-08-07T12:49:09,18.2569812610721,-64.97769553418787,0,0,-1.8400514891059476,GRAPETREE BAY,IMO8133968,HO8940,31,1,27,8,3.4,52,A,3
565516000,2025-08-07T12:49:09,18.244434711736066,-64.97850431890755,0,0,1.3477325419794528,KAZAK,IMO9739549,9V2928,80,1,119,20,7.3,80,A,4
375605000,2025-08-07T12:49:10,18.25535276351674,-64.981733275287,0,0,-1.971933466748668,DENI,IMO9844382,J8B6015,52,1,28,11,4.7,52,A,1
564702000,2025-08-07T12:49:10,18.233820693709134,-64.98285770439006,0,0,2.0769579765501334,EPIC CURACAO,IMO9698288,9V2515,80,1,95,15,5.5,80,A,2
353327000,2025-08-07T12:49:10,18.256969405956315,-64.9776989716291,0,0,-1.840407472966818,GRAPETREE BAY,IMO8133968,HO8940,31,1,27,8,3.4,52,A,3
565516000,2025-08-07T12:49:10,18.244434703508837,-64.97850439400604,0,0,1.3478143796991682,KAZAK,IMO9739549,9V2928,80,1,119,20,7.3,80,A,4
375605000,2025-08-07T12:49:10,18.255345279455756,-64.98173647713286,0,0,-1.9720916605887577,DENI,IMO9844382,J8B6015,52,1,28,11,4.7,52,A,1
564702000,2025-08-07T12:49:10,18.23382780430135,-64.98286188609782,0,0,2.0767898894039343,EPIC CURACAO,IMO9698288,9V2515,80,1,95,15,5.5,80,A,2
353327000,2025-08-07T12:49:10,18.256961574554932,-64.97770111626481,0,0,-1.8401295359286658,GRAPETREE BAY,IMO8133968,HO8940,31,1,27,8,3.4,52,A,3
565516000,2025-08-07T12:49:10,18.244434731866832,-64.97850436695562,0,0,1.3477436422490139,KAZAK,IMO9739549,9V2928,80,1,119,20,7.3,80,A,4
375605000,2025-08-07T12:49:11,18.255333925392808,-64.98174157069471,0,0,-1.9721226681753619,DENI,IMO9844382,J8B6015,52,1,28,11,4.7,52,A,1
564702000,2025-08-07T12:49:11,18.233838438516443,-64.98286827254486,0,0,2.076422041005216,EPIC CURACAO,IMO9698288,9V2515,80,1,95,15,5.5,80,A,2
353327000,2025-08-07T12:49:11,18.256949746910305,-64.97770456261256,0,0,-1.8397228023225982,GRAPETREE BAY,IMO8133968,HO8940,31,1,27,8,3.4,52,A,3
565516000,2025-08-07T12:49:11,18.244434766470313,-64.97850438497949,0,0,1.3477466948998411,KAZAK,IMO9739549,9V2928,80,1,119,20,7.3,80,A,4
375605000,2025-08-07T12:49:11,18.255326444756683,-64.98174483646389,0,0,-1.9717410229346612,DENI,IMO9844382,J8B6015,52,1,28,11,4.7,52,A,1
564702000,2025-08-07T12:49:11,18.233845588548604,-64.98287242407297,0,0,2.0756597113908346,EPIC CURACAO,IMO9698288,9V2515,80,1,95,15,5.5,80,A,2
353327000,2025-08-07T12:49:11,18.256941854996438,-64.97770691001735,0,0,-1.8390274031270344,GRAPETREE BAY,IMO8133968,HO8940,31,1,27,8,3.4,52,A,3
565516000,2025-08-07T12:49:11,18.244434756275602,-64.97850449323892,0,0,1.3479530919165776,KAZAK,IMO9739549,9V2928,80,1,119,20,7.3,80,A,4
375605000,2025-08-07T12:49:12,18.255315150635447,-64.98174986789722,0,0,-1.971534725798985,DENI,IMO9844382,J8B6015,52,1,28,11,4.7,52,A,1
564702000,2025-08-07T12:49:12,18.233856323958108,-64.98287863853184,0,0,2.0752434174206265,EPIC CURACAO,IMO9698288,9V2515,80,1,95,15,5.5,80,A,2
353327000,2025-08-07T12:49:12,18.256930097449754,-64.97771023003374,0,0,-1.8385515205076752,GRAPETREE BAY,IMO8133968,HO8940,31,1,27,8,3.4,52,A,3
565516000,2025-08-07T12:49:12,18.24443474805118,-64.97850459176617,0,0,1.348038241054011,KAZAK,IMO9739549,9V2928,80,1,119,20,7.3,80,A,4
375605000,2025-08-07T12:49:12,18.25530759038041,-64.98175328600706,0,0,-1.9716435151803853,DENI,IMO9844382,J8B6015,52,1,28,11,4.7,52,A,1
564702000,2025-08-07T12:49:12,18.23386342003787,-64.98288289783765,0,0,2.0750907500180813,EPIC CURACAO,IMO9698288,9V2515,80,1,95,15,5.5,80,A,2
353327000,2025-08-07T12:49:12,18.25692219121041,-64.97771259054596,0,0,-1.838522553898059,GRAPETREE BAY,IMO8133968,HO8940,31,1,27,8,3.4,52,A,3
565516000,2025-08-07T12:49:12,18.24443477225286,-64.9785045397709,0,0,1.3478689667845662,KAZAK,IMO9739549,9V2928,80,1,119,20,7.3,80,A,4
375605000,2025-08-07T12:49:13,18.25529637273083,-64.9817581444478,0,0,-1.9718756405563342,DENI,IMO9844382,J8B6015,52,1,28,11,4.7,52,A,1
564702000,2025-08-07T12:49:13,18.233874080137145,-64.98288920493351,0,0,2.0753474944461567,EPIC CURACAO,IMO9698288,9V2515,80,1,95,15,5.5,80,A,2
353327000,2025-08-07T12:49:13,18.256910385730215,-64.97771597525261,0,0,-1.8388502129935955,GRAPETREE BAY,IMO8133968,HO8940,31,1,27,8,3.4,52,A,3
565516000,2025-08-07T12:49:13,18.244434797560537,-64.97850447304758,0,0,1.3477687180742082,KAZAK,IMO9739549,9V2928,80,1,119,20,7.3,80,A,4
375605000,2025-08-07T12:49:13,18.25528880132904,-64.98176152083256,0,0,-1.9727523224202614,DENI,IMO9844382,J8B6015,52,1,28,11,4.7,52,A,1
564702000,2025-08-07T12:49:13,18.23388124812736,-64.98289324816618,0,0,2.0760290558414853,EPIC CURACAO,IMO9698288,9V2515,80,1,95,15,5.5,80,A,2
353327000,2025-08-07T12:49:13,18.256902541362575,-64.97771812499677,0,0,-1.8396232577272502,GRAPETREE BAY,IMO8133968,HO8940,31,1,27,8,3.4,52,A,3
565516000,2025-08-07T12:49:13,18.244434781364674,-64.97850451319617,0,0,1.347819527248446,KAZAK,IMO9739549,9V2928,80,1,119,20,7.3,80,A,4
375605000,2025-08-07T12:49:14,18.255277530359344,-64.98176641516056,0,0,-1.9734092228352713,DENI,IMO9844382,J8B6015,52,1,28,11,4.7,52,A,1
564702000,2025-08-07T12:49:14,18.233891961945396,-64.98289937793518,0,0,2.0764206096812226,EPIC CURACAO,IMO9698288,9V2515,80,1,95,15,5.5,80,A,2
353327000,2025-08-07T12:49:14,18.256890678781197,-64.9777215692668,0,0,-1.8403006154718369,GRAPETREE BAY,IMO8133968,HO8940,31,1,27,8,3.4,52,A,3
565516000,2025-08-07T12:49:14,18.244434768156413,-64.97850453237773,0,0,1.3478201813160045,KAZAK,IMO9739549,9V2928,80,1,119,20,7.3,80,A,4
375605000,2025-08-07T12:49:14,18.255270036236183,-64.98176962398011,0,0,-1.9741810415092198,DENI,IMO9844382,J8B6015,52,1,28,11,4.7,52,A,1
564702000,2025-08-07T12:49:14,18.23389904675175,-64.98290359591303,0,0,2.0766517831626694,EPIC CURACAO,IMO9698288,9V2515,80,1,95,15,5.5,80,A,2
353327000,2025-08-07T12:49:14,18.2568828332065,-64.97772372988389,0,0,-1.8408058839566732,GRAPETREE BAY,IMO8133968,HO8940,31,1,27,8,3.4,52,A,3
565516000,2025-08-07T12:49:14,18.244434793131614,-64.97850446113397,0,0,1.3476356427153482,KAZAK,IMO9739549,9V2928,80,1,119,20,7.3,80,A,4
375605000,2025-08-07T12:49:15,18.255258685702515,-64.98177467665789,0,0,-1.9747399416815505,DENI,IMO9844382,J8B6015,52,1,28,11,4.7,52,A,1
564702000,2025-08-07T12:49:15,18.233909730049582,-64.98290983987253,0,0,2.0764607764912144,EPIC CURACAO,IMO9698288,9V2515,80,1,95,15,5.5,80,A,2
353327000,2025-08-07T12:49:15,18.256871038840526,-64.97772704072345,0,0,-1.840757231695032,GRAPETREE BAY,IMO8133968,HO8940,31,1,27,8,3.4,52,A,3
565516000,2025-08-07T12:49:15,18.244434824336782,-64.9785044311575,0,0,1.3476104935527389,KAZAK,IMO9739549,9V2928,80,1,119,20,7.3,80,A,4
375605000,2025-08-07T12:49:15,18.255251221320016,-64.98177791661786,0,0,-1.9735984294825861,DENI,IMO9844382,J8B6015,52,1,28,11,4.7,52,A,1
564702000,2025-08-07T12:49:15,18.233916900725543,-64.98291393041113,0,0,2.0757367927515147,EPIC CURACAO,IMO9698288,9V2515,80,1,95,15,5.5,80,A,2
353327000,2025-08-07T12:49:15,18.256863126938953,-64.97772940273988,0,0,-1.8404229109579422,GRAPETREE BAY,IMO8133968,HO8940,31,1,27,8,3.4,52,A,3
565516000,2025-08-07T12:49:15,18.2444348138558,-64.97850453101076,0,0,1.3478405948146637,KAZAK,IMO9739549,9V2928,80,1,119,20,7.3,80,A,4
375605000,2025-08-07T12:49:16,18.255239957932847,-64.98178307060722,0,0,-1.969585415503669,DENI,IMO9844382,J8B6015,52,1,28,11,4.7,52,A,1
564702000,2025-08-07T12:49:16,18.233927583702886,-64.98292025578203,0,0,2.0752175733179086,EPIC CURACAO,IMO9698288,9V2515,80,1,95,15,5.5,80,A,2
353327000,2025-08-07T12:49:16,18.256851369007634,-64.97773272565507,0,0,-1.839867733891652,GRAPETREE BAY,IMO8133968,HO8940,31,1,27,8,3.4,52,A,3
565516000,2025-08-07T12:49:16,18.244434809147567,-64.97850465395713,0,0,1.347970563113622,KAZAK,IMO9739549,9V2928,80,1,119,20,7.3,80,A,4
375605000,2025-08-07T12:49:16,18.255232456562535,-64.98178659069553,0,0,-1.960641510557449,DENI,IMO9844382,J8B6015,52,1,28,11,4.7,52,A,1
564702000,2025-08-07T12:49:16,18.233934670001332,-64.9829245499182,0,0,2.0747474577583964,EPIC CURACAO,IMO9698288,9V2515,80,1,95,15,5.5,80,A,2
353327000,2025-08-07T12:49:16,18.256843487192445,-64.97773504722069,0,0,-1.839256906582948,GRAPETREE BAY,IMO8133968,HO8940,31,1,27,8,3.4,52,A,3
565516000,2025-08-07T12:49:16,18.24443483727454,-64.97850463714467,0,0,1.347893415651373,KAZAK,IMO9739549,9V2928,80,1,119,20,7.3,80,A,4
375605000,2025-08-07T12:49:17,18.25522130737684,-64.98179167847216,0,0,-1.9542250097384861,DENI,IMO9844382,J8B6015,52,1,28,11,4.7,52,A,1
564702000,2025-08-07T12:49:17,18.23394538641285,-64.9829307703606,0,0,2.074761808588969,EPIC CURACAO,IMO9698288,9V2515,80,1,95,15,5.5,80,A,2
353327000,2025-08-07T12:49:17,18.256831649253655,-64.97773856293298,0,0,-1.8391706551911164,GRAPETREE BAY,IMO8133968,HO8940,31,1,27,8,3.4,52,A,3
565516000,2025-08-07T12:49:17,18.244434867805843,-64.9785046327728,0,0,1.3478477820554797,KAZAK,IMO9739549,9V2928,80,1,119,20,7.3,80,A,4
375605000,2025-08-07T12:49:17,18.25521377452504,-64.98179521036244,0,0,-1.9465896159586205,DENI,IMO9844382,J8B6015,52,1,28,11,4.7,52,A,1
564702000,2025-08-07T12:49:17,18.233952555211424,-64.98293483491517,0,0,2.0752242622884642,EPIC CURACAO,IMO9698288,9V2515,80,1,95,15,5.5,80,A,2
353327000,2025-08-07T12:49:17,18.256823818196867,-64.977740728353,0,0,-1.8394148251767404,GRAPETREE BAY,IMO8133968,HO8940,31,1,27,8,3.4,52,A,3
565516000,2025-08-07T12:49:17,18.244434853836527,-64.97850470525924,0,0,1.3479556247464837,KAZAK,IMO9739549,9V2928,80,1,119,20,7.3,80,A,4
375605000,2025-08-07T12:49:18,18.255202560730606,-64.98180021748855,0,0,-1.9434936169975028,DENI,IMO9844382,J8B6015,52,1,28,11,4.7,52,A,1
564702000,2025-08-07T12:49:18,18.233963216061312,-64.98294109261789,0,0,2.075667603905428,EPIC CURACAO,IMO9698288,9V2515,80,1,95,15,5.5,80,A,2
353327000,2025-08-07T12:49:18,18.256811971250773,-64.9777441736137,0,0,-1.839983627910122,GRAPETREE BAY,IMO8133968,HO8940,31,1,27,8,3.4,52,A,3
565516000,2025-08-07T12:49:18,18.244434840758526,-64.97850473969093,0,0,1.3479676618166982,KAZAK,IMO9739549,9V2928,80,1,119,20,7.3,80,A,4
375605000,2025-08-07T12:49:18,18.255195058944707,-64.98180348260682,0,0,-1.9421650417418228,DENI,IMO9844382,J8B6015,52,1,28,11,4.7,52,A,1
564702000,2025-08-07T12:49:18,18.23397031373436,-64.98294527381242,0,0,2.0761914850982697,EPIC CURACAO,IMO9698288,9V2515,80,1,95,15,5.5,80,A,2
353327000,2025-08-07T12:49:18,18.25680409830196,-64.97774640351803,0,0,-1.8409189928134235,GRAPETREE BAY,IMO8133968,HO8940,31,1,27,8,3.4,52,A,3
565516000,2025-08-07T12:49:18,18.24443486323385,-64.97850465346971,0,0,1.3477271280641203,KAZAK,IMO9739549,9V2928,80,1,119,20,7.3,80,A,4
375605000,2025-08-07T12:49:19,18.255183704041514,-64.98180847273517,0,0,-1.9432036277110556,DENI,IMO9844382,J8B6015,52,1,28,11,4.7,52,A,1
564702000,2025-08-07T12:49:19,18.233981052852993,-64.98295136671983,0,0,2.076227376707957,EPIC CURACAO,IMO9698288,9V2515,80,1,95,15,5.5,80,A,2
353327000,2025-08-07T12:49:19,18.256792332064272,-64.97774962107798,0,0,-1.8412843370546021,GRAPETREE BAY,IMO8133968,HO8940,31,1,27,8,3.4,52,A,3
565516000,2025-08-07T12:49:19,18.24443488852668,-64.97850457085961,0,0,1.3476311424463228,KAZAK,IMO9739549,9V2928,80,1,119,20,7.3,80,A,4
375605000,2025-08-07T12:49:19,18.25517621164782,-64.98181159792058,0,0,-1.9461307132325518,DENI,IMO9844382,J8B6015,52,1,28,11,4.7,52,A,1
564702000,2025-08-07T12:49:19,18.233988204829377,-64.98295547492401,0,0,2.075779553196183,EPIC CURACAO,IMO9698288,9V2515,80,1,95,15,5.5,80,A,2
353327000,2025-08-07T12:49:19,18.256784418881008,-64.97775195113626,0,0,-1.8416243542420134,GRAPETREE BAY,IMO8133968,HO8940,31,1,27,8,3.4,52,A,3
565516000,2025-08-07T12:49:19,18.244434874282234,-64.97850462780669,0,0,1.3477533235942945,KAZAK,IMO9739549,9V2928,80,1,119,20,7.3,80,A,4
375605000,2025-08-07T12:49:20,18.255164838256274,-64.98181650271317,0,0,-1.9485582117552898,DENI,IMO9844382,J8B6015,52,1,28,11,4.7,52,A,1
564702000,2025-08-07T12:49:20,18.233998842844393,-64.98296187561533,0,0,2.075322070163051,EPIC CURACAO,IMO9698288,9V2515,80,1,95,15,5.5,80,A,2
353327000,2025-08-07T12:49:20,18.256772639521863,-64.97775528663223,0,0,-1.8414227418491729,GRAPETREE BAY,IMO8133968,HO8940,31,1,27,8,3.4,52,A,3
565516000,2025-08-07T12:49:20,18.244434866698622,-64.97850470116556,0,0,1.3478329545513823,KAZAK,IMO9739549,9V2928,80,1,119,20,7.3,80,A,4
375605000,2025-08-07T12:49:20,18.2551572634644,-64.98181977101122,0,0,-1.9518783831976625,DENI,IMO9844382,J8B6015,52,1,28,11,4.7,52,A,1
564702000,2025-08-07T12:49:20,18.2340059571386,-64.9829661103759,0,0,2.074641174387495,EPIC CURACAO,IMO9698288,9V2515,80,1,95,15,5.5,80,A,2
353327000,2025-08-07T12:49:20,18.25676478381623,-64.97775752996127,0,0,-1.8407730773673383,GRAPETREE BAY,IMO8133968,HO8940,31,1,27,8,3.4,52,A,3
565516000,2025-08-07T12:49:20,18.244434895393315,-64.97850467339092,0,0,1.3477606736285128,KAZAK,IMO9739549,9V2928,80,1,119,20,7.3,80,A,4
375605000,2025-08-07T12:49:21,18.255145970940028,-64.98182453828807,0,0,-1.9534691398780144,DENI,IMO9844382,J8B6015,52,1,28,11,4.7,52,A,1
564702000,2025-08-07T12:49:21,18.234016710395203,-64.98297227833594,0,0,2.0743707623204135,EPIC CURACAO,IMO9698288,9V2515,80,1,95,15,5.5,80,A,2
353327000,2025-08-07T12:49:21,18.256752926605955,-64.97776110746616,0,0,-1.8404966357451351,GRAPETREE BAY,IMO8133968,HO8940,31,1,27,8,3.4,52,A,3
565516000,2025-08-07T12:49:21,18.244434929373956,-64.97850469348855,0,0,1.3477660594331204,KAZAK,IMO9739549,9V2928,80,1,119,20,7.3,80,A,4
375605000,2025-08-07T12:49:21,18.255138354715193,-64.98182788925244,0,0,-1.9551176481847434,DENI,IMO9844382,J8B6015,52,1,28,11,4.7,52,A,1
564702000,2025-08-07T12:49:21,18.23402384563957,-64.98297644079219,0,0,2.0744456984517416,EPIC CURACAO,IMO9698288,9V2515,80,1,95,15,5.5,80,A,2
353327000,2025-08-07T12:49:21,18.25674509403735,-64.97776332248002,0,0,-1.8401769705101845,GRAPETREE BAY,IMO8133968,HO8940,31,1,27,8,3.4,52,A,3
565516000,2025-08-07T12:49:21,18.244434918851574,-64.97850480253321,0,0,1.34797422336818,KAZAK,IMO9739549,9V2928,80,1,119,20,7.3,80,A,4
375605000,2025-08-07T12:49:22,18.25512705635193,-64.98183266994924,0,0,-1.9555698051293078,DENI,IMO9844382,J8B6015,52,1,28,11,4.7,52,A,1
564702000,2025-08-07T12:49:22,18.23403448476175,-64.98298277377069,0,0,2.0747938050482495,EPIC CURACAO,IMO9698288,9V2515,80,1,95,15,5.5,80,A,2
353327000,2025-08-07T12:49:22,18.256733278321523,-64.9777667529668,0,0,-1.8403312479032095,GRAPETREE BAY,IMO8133968,HO8940,31,1,27,8,3.4,52,A,3
565516000,2025-08-07T12:49:22,18.244434911211002,-64.97850489883578,0,0,1.3480566983553,KAZAK,IMO9739549,9V2928,80,1,119,20,7.3,80,A,4
375605000,2025-08-07T12:49:22,18.255119502903245,-64.98183586646796,0,0,-1.9555158900610945,DENI,IMO9844382,J8B6015,52,1,28,11,4.7,52,A,1
564702000,2025-08-07T12:49:22,18.234041623493777,-64.98298687104757,0,0,2.0754609681908,EPIC CURACAO,IMO9698288,9V2515,80,1,95,15,5.5,80,A,2
353327000,2025-08-07T12:49:22,18.25672537774527,-64.97776907621646,0,0,-1.8411116540759729,GRAPETREE BAY,IMO8133968,HO8940,31,1,27,8,3.4,52,A,3
565516000,2025-08-07T12:49:22,18.244434935718072,-64.97850484580535,0,0,1.3478851006349486,KAZAK,IMO9739549,9V2928,80,1,119,20,7.3,80,A,4
375605000,2025-08-07T12:49:23,18.25510812310381,-64.98184076994104,0,0,-1.9551000341888072,DENI,IMO9844382,J8B6015,52,1,28,11,4.7,52,A,1
564702000,2025-08-07T12:49:23,18.23405237713183,-64.98299291667982,0,0,2.0757285217029753,EPIC CURACAO,IMO9698288,9V2515,80,1,95,15,5.5,80,A,2
353327000,2025-08-07T12:49:23,18.25671362461665,-64.97777229200643,0,0,-1.8416505600977837,GRAPETREE BAY,IMO8133968,HO8940,31,1,27,8,3.4,52,A,3
565516000,2025-08-07T12:49:23,18.24443496039337,-64.97850478086484,0,0,1.3477870661360778,KAZAK,IMO9739549,9V2928,80,1,119,20,7.3,80,A,4
375605000,2025-08-07T12:49:23,18.255100630078797,-64.98184386479831,0,0,-1.9537133164922227,DENI,IMO9844382,J8B6015,52,1,28,11,4.7,52,A,1
564702000,2025-08-07T12:49:23,18.234059489451276,-64.98299708774726,0,0,2.075692968957593,EPIC CURACAO,IMO9698288,9V2515,80,1,95,15,5.5,80,A,2
353327000,2025-08-07T12:49:23,18.256705727989065,-64.97777457184861,0,0,-1.8425244636202174,GRAPETREE BAY,IMO8133968,HO8940,31,1,27,8,3.4,52,A,3
565516000,2025-08-07T12:49:23,18.244434943884016,-64.97850482181033,0,0,1.3478395073030198,KAZAK,IMO9739549,9V2928,80,1,119,20,7.3,80,A,4
375605000,2025-08-07T12:49:24,18.255089257645036,-64.98184876715156,0,0,-1.9526175532405585,DENI,IMO9844382,J8B6015,52,1,28,11,4.7,52,A,1
564702000,2025-08-07T12:49:24,18.234070131614295,-64.9830034450372,0,0,2.0753878086327155,EPIC CURACAO,IMO9698288,9V2515,80,1,95,15,5.5,80,A,2
353327000,2025-08-07T12:49:24,18.256693915449308,-64.97777794402599,0,0,-1.8428833588802944,GRAPETREE BAY,IMO8133968,HO8940,31,1,27,8,3.4,52,A,3
565516000,2025-08-07T12:49:24,18.2444349313115,-64.97850483906488,0,0,1.347837775755885,KAZAK,IMO9739549,9V2928,80,1,119,20,7.3,80,A,4
375605000,2025-08-07T12:49:24,18.255081702152747,-64.98185201621257,0,0,-1.9508536173403848,DENI,IMO9844382,J8B6015,52,1,28,11,4.7,52,A,1
564702000,2025-08-07T12:49:24,18.23407728761123,-64.98300757894228,0,0,2.074620842939431,EPIC CURACAO,IMO9698288,9V2515,80,1,95,15,5.5,80,A,2
353327000,2025-08-07T12:49:24,18.256686079872612,-64.97778010756885,0,0,-1.842788202713013,GRAPETREE BAY,IMO8133968,HO8940,31,1,27,8,3.4,52,A,3
565516000,2025-08-07T12:49:24,18.244434956626048,-64.97850476713081,0,0,1.347652227332824,KAZAK,IMO9739549,9V2928,80,1,119,20,7.3,80,A,4
375605000,2025-08-07T12:49:25,18.255070414316624,-64.98185680572357,0,0,-1.9497582978692196,DENI,IMO9844382,J8B6015,52,1,28,11,4.7,52,A,1
564702000,2025-08-07T12:49:25,18.23408802617878,-64.98301378937856,0,0,2.0741346995971184,EPIC CURACAO,IMO9698288,9V2515,80,1,95,15,5.5,80,A,2
353327000,2025-08-07T12:49:25,18.25667422448047,-64.97778365004633,0,0,-1.842737392510633,GRAPETREE BAY,IMO8133968,HO8940,31,1,27,8,3.4,52,A,3
565516000,2025-08-07T12:49:25,18.244434987222483,-64.97850473948603,0,0,1.347629919256633,KAZAK,IMO9739549,9V2928,80,1,119,20,7.3,80,A,4
375605000,2025-08-07T12:49:25,18.25506280090824,-64.98186016986621,0,0,-1.9490139763045637,DENI,IMO9844382,J8B6015,52,1,28,11,4.7,52,A,1
564702000,2025-08-07T12:49:25,18.234095124451333,-64.98301805204996,0,0,2.0738274687719107,EPIC CURACAO,IMO9698288,9V2515,80,1,95,15,5.5,80,A,2
353327000,2025-08-07T12:49:25,18.2566663734498,-64.9777859199531,0,0,-1.8424678440073865,GRAPETREE BAY,IMO8133968,HO8940,31,1,27,8,3.4,52,A,3
565516000,2025-08-07T12:49:25,18.244434976435727,-64.97850484034126,0,0,1.3478621035042613,KAZAK,IMO9739549,9V2928,80,1,119,20,7.3,80,A,4
375605000,2025-08-07T12:49:26,18.25505150082761,-64.9818649445048,0,0,-1.949020318698713,DENI,IMO9844382,J8B6015,52,1,28,11,4.7,52,A,1
564702000,2025-08-07T12:49:26,18.234105793271848,-64.98302435597175,0,0,2.07398148653249,EPIC CURACAO,IMO9698288,9V2515,80,1,95,15,5.5,80,A,2
353327000,2025-08-07T12:49:26,18.256654591872156,-64.97778931074033,0,0,-1.8423639841018304,GRAPETREE BAY,IMO8133968,HO8940,31,1,27,8,3.4,52,A,3
565516000,2025-08-07T12:49:26,18.244434972346426,-64.97850496132658,0,0,1.3479895537965614,KAZAK,IMO9739549,9V2928,80,1,119,20,7.3,80,A,4
375605000,2025-08-07T12:49:26,18.255043923747174,-64.98186815087406,0,0,-1.9499552808065763,DENI,IMO9844382,J8B6015,52,1,28,11,4.7,52,A,1
564702000,2025-08-07T12:49:26,18.234112966327334,-64.98302839677648,0,0,2.0745821639181736,EPIC CURACAO,IMO9698288,9V2515,80,1,95,15,5.5,80,A,2
353327000,2025-08-07T12:49:26,18.256646677352602,-64.9777917028282,0,0,-1.8428739626566628,GRAPETREE BAY,IMO8133968,HO8940,31,1,27,8,3.4,52,A,3
565516000,2025-08-07T12:49:26,18.24443500078191,-64.97850494359619,0,0,1.3479101003190084,KAZAK,IMO9739549,9V2928,80,1,119,20,7.3,80,A,4
375605000,2025-08-07T12:49:27,18.255032520643688,-64.98187299718937,0,0,-1.9510274232799716,DENI,IMO9844382,J8B6015,52,1,28,11,4.7,52,A,1
564702000,2025-08-07T12:49:27,18.23412368359061,-64.98303452371204,0,0,2.074991816053648,EPIC CURACAO,IMO9698288,9V2515,80,1,95,15,5.5,80,A,2
353327000,2025-08-07T12:49:27,18.256634916427174,-64.97779500295444,0,0,-1.8433751121513766,GRAPETREE BAY,IMO8133968,HO8940,31,1,27,8,3.4,52,A,3
565516000,2025-08-07T12:49:27,18.244435030667958,-64.9785049409905,0,0,1.347866527598975,KAZAK,IMO9739549,9V2928,80,1,119,20,7.3,80,A,4
375605000,2025-08-07T12:49:27,18.255025004315225,-64.98187603693111,0,0,-1.9525412621344913,DENI,IMO9844382,J8B6015,52,1,28,11,4.7,52,A,1
564702000,2025-08-07T12:49:27,18.23413077263951,-64.98303872922651,0,0,2.075327353326849,EPIC CURACAO,IMO9698288,9V2515,80,1,95,15,5.5,80,A,2
353327000,2025-08-07T12:49:27,18.256627044148413,-64.97779723763472,0,0,-1.8451286058471061,GRAPETREE BAY,IMO8133968,HO8940,31,1,27,8,3.4,52,A,3
565516000,2025-08-07T12:49:27,18.24443501637367,-64.9785050141213,0,0,1.347975906965785,KAZAK,IMO9739549,9V2928,80,1,119,20,7.3,80,A,4
375605000,2025-08-07T12:49:28,18.255013592003962,-64.9818808430202,0,0,-1.953349291567725,DENI,IMO9844382,J8B6015,52,1,28,11,4.7,52,A,1
564702000,2025-08-07T12:49:28,18.234141465951843,-64.98304494004388,0,0,2.0752178454867174,EPIC CURACAO,IMO9698288,9V2515,80,1,95,15,5.5,80,A,2
353327000,2025-08-07T12:49:28,18.25661516294421,-64.97780052951543,0,0,-1.8512140114262325,GRAPETREE BAY,IMO8133968,HO8940,31,1,27,8,3.4,52,A,3
565516000,2025-08-07T12:49:28,18.244435003897056,-64.97850504632602,0,0,1.3479852664003042,KAZAK,IMO9739549,9V2928,80,1,119,20,7.3,80,A,4
375605000,2025-08-07T12:49:28,18.25500602467326,-64.98188399785701,0,0,-1.953680694027169,DENI,IMO9844382,J8B6015,52,1,28,11,4.7,52,A,1
564702000,2025-08-07T12:49:28,18.234148640895633,-64.98304901362324,0,0,2.074560165058556,EPIC CURACAO,IMO9698288,9V2515,80,1,95,15,5.5,80,A,2
353327000,2025-08-07T12:49:28,18.256607285708565,-64.97780247358813,0,0,-1.866960332659379,GRAPETREE BAY,IMO8133968,HO8940,31,1,27,8,3.4,52,A,3
565516000,2025-08-07T12:49:28,18.244435026689796,-64.97850495922297,0,0,1.3477431262709196,KAZAK,IMO9739549,9V2928,80,1,119,20,7.3,80,A,4
375605000,2025-08-07T12:49:29,18.254994708493996,-64.9818887020152,0,0,-1.9532534103189678,DENI,IMO9844382,J8B6015,52,1,28,11,4.7,52,A,1
564702000,2025-08-07T12:49:29,18.23415932722431,-64.98305532733238,0,0,2.074030445834682,EPIC CURACAO,IMO9698288,9V2515,80,1,95,15,5.5,80,A,2
353327000,2025-08-07T12:49:29,18.256595356336284,-64.97780558320834,0,0,-1.8791884620573467,GRAPETREE BAY,IMO8133968,HO8940,31,1,27,8,3.4,52,A,3
565516000,2025-08-07T12:49:29,18.244435051365578,-64.97850487875871,0,0,1.3476498450540757,KAZAK,IMO9739549,9V2928,80,1,119,20,7.3,80,A,4
375605000,2025-08-07T12:49:29,18.254987087690196,-64.98189202842121,0,0,-1.9523188330901038,DENI,IMO9844382,J8B6015,52,1,28,11,4.7,52,A,1
564702000,2025-08-07T12:49:29,18.2341664182158,-64.98305961498298,0,0,2.0734542489747727,EPIC CURACAO,IMO9698288,9V2515,80,1,95,15,5.5,80,A,2
353327000,2025-08-07T12:49:29,18.256587409846755,-64.97780769756014,0,0,-1.8955457787550638,GRAPETREE BAY,IMO8133968,HO8940,31,1,27,8,3.4,52,A,3
565516000,2025-08-07T12:49:29,18.244435036827223,-64.97850493670826,0,0,1.3477740848996687,KAZAK,IMO9739549,9V2928,80,1,119,20,7.3,80,A,4
375605000,2025-08-07T12:49:30,18.2549757882165,-64.98189678434106,0,0,-1.951507578130831,DENI,IMO9844382,J8B6015,52,1,28,11,4.7,52,A,1
564702000,2025-08-07T12:49:30,18.234177143412964,-64.98306582972373,0,0,2.073349257133953,EPIC CURACAO,IMO9698288,9V2515,80,1,95,15,5.5,80,A,2
353327000,2025-08-07T12:49:30,18.256575585729195,-64.97781083528017,0,0,-1.9031875319135871,GRAPETREE BAY,IMO8133968,HO8940,31,1,27,8,3.4,52,A,3
565516000,2025-08-07T12:49:30,18.24443502989702,-64.97850500830026,0,0,1.3478514731882834,KAZAK,IMO9739549,9V2928,80,1,119,20,7.3,80,A,4
375605000,2025-08-07T12:49:30,18.25496820301359,-64.98190002594409,0,0,-1.9507372314729103,DENI,IMO9844382,J8B6015,52,1,28,11,4.7,52,A,1
564702000,2025-08-07T12:49:30,18.234184315533884,-64.98306989776071,0,0,2.0736504810471366,EPIC CURACAO,IMO9698288,9V2515,80,1,95,15,5.5,80,A,2
353327000,2025-08-07T12:49:30,18.256567649954448,-64.97781319578132,0,0,-1.9087664249820528,GRAPETREE BAY,IMO8133968,HO8940,31,1,27,8,3.4,52,A,3
565516000,2025-08-07T12:49:30,18.244435058918306,-64.97850497983468,0,0,1.3477777319202742,KAZAK,IMO9739549,9V2928,80,1,119,20,7.3,80,A,4
375605000,2025-08-07T12:49:31,18.254956806836034,-64.9819049056698,0,0,-1.9506861474844526,DENI,IMO9844382,J8B6015,52,1,28,11,4.7,52,A,1
564702000,2025-08-07T12:49:31,18.23419498145997,-64.98307615627394,0,0,2.0740482802221565,EPIC CURACAO,IMO9698288,9V2515,80,1,95,15,5.5,80,A,2
353327000,2025-08-07T12:49:31,18.256555870687567,-64.9778167232668,0,0,-1.9085562418618505,GRAPETREE BAY,IMO8133968,HO8940,31,1,27,8,3.4,52,A,3
565516000,2025-08-07T12:49:31,18.244435092265388,-64.97850500203187,0,0,1.3477854732307846,KAZAK,IMO9739549,9V2928,80,1,119,20,7.3,80,A,4
375605000,2025-08-07T12:49:31,18.25494928890319,-64.98190796947789,0,0,-1.9510996746971243,DENI,IMO9844382,J8B6015,52,1,28,11,4.7,52,A,1
564702000,2025-08-07T12:49:31,18.23420208543074,-64.98308032558307,0,0,2.07461446824874,EPIC CURACAO,IMO9698288,9V2515,80,1,95,15,5.5,80,A,2
353327000,2025-08-07T12:49:31,18.256548063045205,-64.97781909554342,0,0,-1.9039228615931598,GRAPETREE BAY,IMO8133968,HO8940,31,1,27,8,3.4,52,A,3
565516000,2025-08-07T12:49:31,18.24443508142599,-64.97850511182688,0,0,1.347995334892184,KAZAK,IMO9739549,9V2928,80,1,119,20,7.3,80,A,4
375605000,2025-08-07T12:49:32,18.2549378689768,-64.98191278709935,0,0,-1.9516876810444266,DENI,IMO9844382,J8B6015,52,1,28,11,4.7,52,A,1
564702000,2025-08-07T12:49:32,18.2342128334317,-64.98308639210892,0,0,2.0747272273429043,EPIC CURACAO,IMO9698288,9V2515,80,1,95,15,5.5,80,A,2
353327000,2025-08-07T12:49:32,18.256536287629817,-64.9778229399766,0,0,-1.8992699674365963,GRAPETREE BAY,IMO8133968,HO8940,31,1,27,8,3.4,52,A,3
565516000,2025-08-07T12:49:32,18.24443507437889,-64.97850520587757,0,0,1.348075093826348,KAZAK,IMO9739549,9V2928,80,1,119,20,7.3,80,A,4
375605000,2025-08-07T12:49:32,18.254930304950737,-64.9819159039514,0,0,-1.9523596047117706,DENI,IMO9844382,J8B6015,52,1,28,11,4.7,52,A,1
564702000,2025-08-07T12:49:32,18.234219988804192,-64.98309048480758,0,0,2.0743926647724282,EPIC CURACAO,IMO9698288,9V2515,80,1,95,15,5.5,80,A,2
353327000,2025-08-07T12:49:32,18.256528530477137,-64.97782537179653,0,0,-1.8916073096507091,GRAPETREE BAY,IMO8133968,HO8940,31,1,27,8,3.4,52,A,3
565516000,2025-08-07T12:49:32,18.24443509918159,-64.97850515184547,0,0,1.347901258055299,KAZAK,IMO9739549,9V2928,80,1,119,20,7.3,80,A,4
375605000,2025-08-07T12:49:33,18.254918973745095,-64.98192055938146,0,0,-1.9524477973430134,DENI,IMO9844382,J8B6015,52,1,28,11,4.7,52,A,1
564702000,2025-08-07T12:49:33,18.234230633185692,-64.98309686193772,0,0,2.07397471107213,EPIC CURACAO,IMO9698288,9V2515,80,1,95,15,5.5,80,A,2
353327000,2025-08-07T12:49:33,18.2565168465598,-64.9778291412315,0,0,-1.8870724056591164,GRAPETREE BAY,IMO8133968,HO8940,31,1,27,8,3.4,52,A,3
565516000,2025-08-07T12:49:33,18.24443512321412,-64.97850508871537,0,0,1.3478054610212307,KAZAK,IMO9739549,9V2928,80,1,119,20,7.3,80,A,4
375605000,2025-08-07T12:49:33,18.254911349088143,-64.98192383980296,0,0,-1.9522909215263264,DENI,IMO9844382,J8B6015,52,1,28,11,4.7,52,A,1
564702000,2025-08-07T12:49:33,18.234237753731875,-64.98310108169193,0,0,2.0732464435461275,EPIC CURACAO,IMO9698288,9V2515,80,1,95,15,5.5,80,A,2
353327000,2025-08-07T12:49:33,18.25650902146681,-64.97783175446601,0,0,-1.8823725982756974,GRAPETREE BAY,IMO8133968,HO8940,31,1,27,8,3.4,52,A,3
565516000,2025-08-07T12:49:33,18.244435106402083,-64.97850513042458,0,0,1.3478594641168953,KAZAK,IMO9739549,9V2928,80,1,119,20,7.3,80,A,4
375605000,2025-08-07T12:49:34,18.25490004610271,-64.98192854146036,0,0,-1.9518084059728587,DENI,IMO9844382,J8B6015,52,1,28,11,4.7,52,A,1
564702000,2025-08-07T12:49:34,18.234248514252823,-64.98310724150015,0,0,2.0728703254879686,EPIC CURACAO,IMO9698288,9V2515,80,1,95,15,5.5,80,A,2
353327000,2025-08-07T12:49:34,18.256497387629214,-64.97783544056938,0,0,-1.8807218124474725,GRAPETREE BAY,IMO8133968,HO8940,31,1,27,8,3.4,52,A,3
565516000,2025-08-07T12:49:34,18.244435094475108,-64.97850514572706,0,0,1.347855315207979,KAZAK,IMO9739549,9V2928,80,1,119,20,7.3,80,A,4
375605000,2025-08-07T12:49:34,18.254892449861554,-64.98193178861048,0,0,-1.9511690355690376,DENI,IMO9844382,J8B6015,52,1,28,11,4.7,52,A,1
564702000,2025-08-07T12:49:34,18.234255652771115,-64.98311140700932,0,0,2.072757493122032,EPIC CURACAO,IMO9698288,9V2515,80,1,95,15,5.5,80,A,2
353327000,2025-08-07T12:49:34,18.25648956151882,-64.97783803968125,0,0,-1.8809008821473652,GRAPETREE BAY,IMO8133968,HO8940,31,1,27,8,3.4,52,A,3
565516000,2025-08-07T12:49:34,18.244435120119036,-64.97850507313747,0,0,1.347668847090908,KAZAK,IMO9739549,9V2928,80,1,119,20,7.3,80,A,4
375605000,2025-08-07T12:49:35,18.254881054606045,-64.98193667330733,0,0,-1.9509813548307353,DENI,IMO9844382,J8B6015,52,1,28,11,4.7,52,A,1
564702000,2025-08-07T12:49:35,18.234266299715813,-64.98311773920886,0,0,2.0730099391958947,EPIC CURACAO,IMO9698288,9V2515,80,1,95,15,5.5,80,A,2
353327000,2025-08-07T12:49:35,18.25647784030881,-64.97784188350647,0,0,-1.8824326271192402,GRAPETREE BAY,IMO8133968,HO8940,31,1,27,8,3.4,52,A,3
565516000,2025-08-07T12:49:35,18.24443515009616,-64.97850504785117,0,0,1.3476493979044484,KAZAK,IMO9739549,9V2928,80,1,119,20,7.3,80,A,4
375605000,2025-08-07T12:49:35,18.254873530714402,-64.981939760787,0,0,-1.9510981968588836,DENI,IMO9844382,J8B6015,52,1,28,11,4.7,52,A,1
564702000,2025-08-07T12:49:35,18.234273444958045,-64.98312182908641,0,0,2.0736307697075014,EPIC CURACAO,IMO9698288,9V2515,80,1,95,15,5.5,80,A,2
353327000,2025-08-07T12:49:35,18.256470068367594,-64.97784431386101,0,0,-1.8860154514818546,GRAPETREE BAY,IMO8133968,HO8940,31,1,27,8,3.4,52,A,3
565516000,2025-08-07T12:49:35,18.244435139014396,-64.97850514967311,0,0,1.347883591865263,KAZAK,IMO9739549,9V2928,80,1,119,20,7.3,80,A,4
375605000,2025-08-07T12:49:36,18.254862102093274,-64.98194460934177,0,0,-1.9515827120198785,DENI,IMO9844382,J8B6015,52,1,28,11,4.7,52,A,1
564702000,2025-08-07T12:49:36,18.234284205873685,-64.98312785893835,0,0,2.073935650051209,EPIC CURACAO,IMO9698288,9V2515,80,1,95,15,5.5,80,A,2
353327000,2025-08-07T12:49:36,18.256458297703663,-64.9778481818983,0,0,-1.8889455649474964,GRAPETREE BAY,IMO8133968,HO8940,31,1,27,8,3.4,52,A,3
565516000,2025-08-07T12:49:36,18.2444351355535,-64.97850526866961,0,0,1.3480084832184507,KAZAK,IMO9739549,9V2928,80,1,119,20,7.3,80,A,4
375605000,2025-08-07T12:49:36,18.254854541698126,-64.9819477129534,0,0,-1.952362598547136,DENI,IMO9844382,J8B6015,52,1,28,11,4.7,52,A,1
564702000,2025-08-07T12:49:36,18.23429132266189,-64.98313201467076,0,0,2.074008869397498,EPIC CURACAO,IMO9698288,9V2515,80,1,95,15,5.5,80,A,2
353327000,2025-08-07T12:49:36,18.256450512651423,-64.97785063185034,0,0,-1.892941839529615,GRAPETREE BAY,IMO8133968,HO8940,31,1,27,8,3.4,52,A,3
565516000,2025-08-07T12:49:36,18.244435164287538,-64.97850525005421,0,0,1.3479268062731615,KAZAK,IMO9739549,9V2928,80,1,119,20,7.3,80,A,4
375605000,2025-08-07T12:49:37,18.25484319932034,-64.98195235083008,0,0,-1.9526873918656662,DENI,IMO9844382,J8B6015,52,1,28,11,4.7,52,A,1
564702000,2025-08-07T12:49:37,18.234301974226003,-64.98313833987932,0,0,2.073770098585717,EPIC CURACAO,IMO9698288,9V2515,80,1,95,15,5.5,80,A,2
353327000,2025-08-07T12:49:37,18.256438836260912,-64.97785430072021,0,0,-1.8948599664617916,GRAPETREE BAY,IMO8133968,HO8940,31,1,27,8,3.4,52,A,3
565516000,2025-08-07T12:49:37,18.244435193517944,-64.97850524924027,0,0,1.3478853196662561,KAZAK,IMO9739549,9V2928,80,1,119,20,7.3,80,A,4
375605000,2025-08-07T12:49:37,18.25483557476258,-64.98195559402282,0,0,-1.9528562039180677,DENI,IMO9844382,J8B6015,52,1,28,11,4.7,52,A,1
564702000,2025-08-07T12:49:37,18.23430913651617,-64.98314245429977,0,0,2.073017139072503,EPIC CURACAO,IMO9698288,9V2515,80,1,95,15,5.5,80,A,2
353327000,2025-08-07T12:49:37,18.25643099766104,-64.97785690731132,0,0,-1.8962611063162855,GRAPETREE BAY,IMO8133968,HO8940,31,1,27,8,3.4,52,A,3
565516000,2025-08-07T12:49:37,18.244435178909363,-64.97850532298146,0,0,1.3479961665189812,KAZAK,IMO9739549,9V2928,80,1,119,20,7.3,80,A,4
375605000,2025-08-07T12:49:38,18.254824273591588,-64.98196024031255,0,0,-1.9524628492673088,DENI,IMO9844382,J8B6015,52,1,28,11,4.7,52,A,1
564702000,2025-08-07T12:49:38,18.234319881875795,-64.9831486502704,0,0,2.0724713976476283,EPIC CURACAO,IMO9698288,9V2515,80,1,95,15,5.5,80,A,2
353327000,2025-08-07T12:49:38,18.256419376055597,-64.97786062188248,0,0,-1.8958995847722704,GRAPETREE BAY,IMO8133968,HO8940,31,1,27,8,3.4,52,A,3
565516000,2025-08-07T12:49:38,18.244435167043775,-64.97850535293429,0,0,1.3480028121363816,KAZAK,IMO9739549,9V2928,80,1,119,20,7.3,80,A,4
375605000,2025-08-07T12:49:38,18.254816671430056,-64.98196348236844,0,0,-1.951680650667343,DENI,IMO9844382,J8B6015,52,1,28,11,4.7,52,A,1
564702000,2025-08-07T12:49:38,18.234326984893126,-64.98315290975242,0,0,2.072008767878975,EPIC CURACAO,IMO9698288,9V2515,80,1,95,15,5.5,80,A,2
353327000,2025-08-07T12:49:38,18.256411591713118,-64.97786323318127,0,0,-1.89404986741886,GRAPETREE BAY,IMO8133968,HO8940,31,1,27,8,3.4,52,A,3
565516000,2025-08-07T12:49:38,18.244435190144085,-64.97850526498438,0,0,1.3477591567570604,KAZAK,IMO9739549,9V2928,80,1,119,20,7.3,80,A,4
375605000,2025-08-07T12:49:39,18.25480528377103,-64.98196835996265,0,0,-1.951198128933736,DENI,IMO9844382,J8B6015,52,1,28,11,4.7,52,A,1
564702000,2025-08-07T12:49:39,18.234337663027272,-64.98315920987257,0,0,2.0720373857766767,EPIC CURACAO,IMO9698288,9V2515,80,1,95,15,5.5,80,A,2
353327000,2025-08-07T12:49:39,18.25639990259502,-64.97786727606106,0,0,-1.892386489100932,GRAPETREE BAY,IMO8133968,HO8940,31,1,27,8,3.4,52,A,3
565516000,2025-08-07T12:49:39,18.24443521419251,-64.97850518669367,0,0,1.3476685987929409,KAZAK,IMO9739549,9V2928,80,1,119,20,7.3,80,A,4
375605000,2025-08-07T12:49:39,18.2547977566124,-64.98197147386121,0,0,-1.9507314869343466,DENI,IMO9844382,J8B6015,52,1,28,11,4.7,52,A,1
564702000,2025-08-07T12:49:39,18.234344841905013,-64.98316324824495,0,0,2.0724899469395863,EPIC CURACAO,IMO9698288,9V2515,80,1,95,15,5.5,80,A,2
353327000,2025-08-07T12:49:39,18.256392181781703,-64.97786984071877,0,0,-1.8897862451127478,GRAPETREE BAY,IMO8133968,HO8940,31,1,27,8,3.4,52,A,3
565516000,2025-08-07T12:49:39,18.24443519937121,-64.97850524561146,0,0,1.3477948245666687,KAZAK,IMO9739549,9V2928,80,1,119,20,7.3,80,A,4
375605000,2025-08-07T12:49:40,18.25478632409791,-64.98197637100688,0,0,-1.9509146732558214,DENI,IMO9844382,J8B6015,52,1,28,11,4.7,52,A,1
564702000,2025-08-07T12:49:40,18.234355566925682,-64.98316936650617,0,0,2.072868622832616,EPIC CURACAO,IMO9698288,9V2515,80,1,95,15,5.5,80,A,2
353327000,2025-08-07T12:49:40,18.25638048717278,-64.97787392970314,0,0,-1.8886779120843966,GRAPETREE BAY,IMO8133968,HO8940,31,1,27,8,3.4,52,A,3
565516000,2025-08-07T12:49:40,18.24443519310394,-64.97850531541049,0,0,1.3478699356666566,KAZAK,IMO9739549,9V2928,80,1,119,20,7.3,80,A,4
375605000,2025-08-07T12:49:40,18.254778768282666,-64.98197948352328,0,0,-1.9515930674776691,DENI,IMO9844382,J8B6015,52,1,28,11,4.7,52,A,1
564702000,2025-08-07T12:49:40,18.23436266222465,-64.98317355754732,0,0,2.073257607491369,EPIC CURACAO,IMO9698288,9V2515,80,1,95,15,5.5,80,A,2
353327000,2025-08-07T12:49:40,18.25637272181924,-64.97787657596994,0,0,-1.8881517433130834,GRAPETREE BAY,IMO8133968,HO8940,31,1,27,8,3.4,52,A,3
565516000,2025-08-07T12:49:40,18.24443522244162,-64.97850528628773,0,0,1.3477948182910686,KAZAK,IMO9739549,9V2928,80,1,119,20,7.3,80,A,4
375605000,2025-08-07T12:49:41,18.25476741492992,-64.98198413710548,0,0,-1.9521578221157874,DENI,IMO9844382,J8B6015,52,1,28,11,4.7,52,A,1
564702000,2025-08-07T12:49:41,18.23437336590582,-64.98317973624259,0,0,2.0732147012358433,EPIC CURACAO,IMO9698288,9V2515,80,1,95,15,5.5,80,A,2
353327000,2025-08-07T12:49:41,18.256361107730765,-64.97788039603029,0,0,-1.888527110390356,GRAPETREE BAY,IMO8133968,HO8940,31,1,27,8,3.4,52,A,3
565516000,2025-08-07T12:49:41,18.24443525514471,-64.9785053106091,0,0,1.3478049362571018,KAZAK,IMO9739549,9V2928,80,1,119,20,7.3,80,A,4
375605000,2025-08-07T12:49:41,18.254759790349226,-64.9819873552868,0,0,-1.9529201087325063,DENI,IMO9844382,J8B6015,52,1,28,11,4.7,52,A,1
564702000,2025-08-07T12:49:41,18.234380546952078,-64.98318378846574,0,0,2.0726209815002146,EPIC CURACAO,IMO9698288,9V2515,80,1,95,15,5.5,80,A,2
353327000,2025-08-07T12:49:41,18.256353290408946,-64.97788308102726,0,0,-1.8900094650423809,GRAPETREE BAY,IMO8133968,HO8940,31,1,27,8,3.4,52,A,3
565516000,2025-08-07T12:49:41,18.244435243999074,-64.97850542111915,0,0,1.3480164251470188,KAZAK,IMO9739549,9V2928,80,1,119,20,7.3,80,A,4
375605000,2025-08-07T12:49:42,18.254748488352877,-64.98199194527764,0,0,-1.9529497249185144,DENI,IMO9844382,J8B6015,52,1,28,11,4.7,52,A,1
564702000,2025-08-07T12:49:42,18.23439124185475,-64.98319007720534,0,0,2.0720884351596154,EPIC CURACAO,IMO9698288,9V2515,80,1,95,15,5.5,80,A,2
353327000,2025-08-07T12:49:42,18.256341675463716,-64.97788686587988,0,0,-1.8910314291348076,GRAPETREE BAY,IMO8133968,HO8940,31,1,27,8,3.4,52,A,3
565516000,2025-08-07T12:49:42,18.24443523755479,-64.97850551289183,0,0,1.3480934274763663,KAZAK,IMO9739549,9V2928,80,1,119,20,7.3,80,A,4
375605000,2025-08-07T12:49:42,18.254740879700694,-64.98199516519125,0,0,-1.9525707882547112,DENI,IMO9844382,J8B6015,52,1,28,11,4.7,52,A,1
564702000,2025-08-07T12:49:42,18.234398339132486,-64.98319435359797,0,0,2.071416209167257,EPIC CURACAO,IMO9698288,9V2515,80,1,95,15,5.5,80,A,2
353327000,2025-08-07T12:49:42,18.256333911466886,-64.97788943154127,0,0,-1.8921547978290443,GRAPETREE BAY,IMO8133968,HO8940,31,1,27,8,3.4,52,A,3
565516000,2025-08-07T12:49:42,18.24443526264317,-64.978505457892,0,0,1.347917440125866,KAZAK,IMO9739549,9V2928,80,1,119,20,7.3,80,A,4
375605000,2025-08-07T12:49:43,18.254729499272234,-64.98200000247658,0,0,-1.9520851587710757,DENI,IMO9844382,J8B6015,52,1,28,11,4.7,52,A,1
564702000,2025-08-07T12:49:43,18.234409073855673,-64.98320056013752,0,0,2.0711769676987193,EPIC CURACAO,IMO9698288,9V2515,80,1,95,15,5.5,80,A,2
353327000,2025-08-07T12:49:43,18.256322212663207,-64.97789346658436,0,0,-1.8925631752567424,GRAPETREE BAY,IMO8133968,HO8940,31,1,27,8,3.4,52,A,3
565516000,2025-08-07T12:49:43,18.244435286022874,-64.97850539659885,0,0,1.3478239025441308,KAZAK,IMO9739549,9V2928,80,1,119,20,7.3,80,A,4
375605000,2025-08-07T12:49:43,18.254721968830815,-64.98200312675968,0,0,-1.9512057136117338,DENI,IMO9844382,J8B6015,52,1,28,11,4.7,52,A,1
564702000,2025-08-07T12:49:43,18.23441625202582,-64.98320462637588,0,0,2.0712539014005618,EPIC CURACAO,IMO9698288,9V2515,80,1,95,15,5.5,80,A,2
353327000,2025-08-07T12:49:43,18.256314497030754,-64.97789602067657,0,0,-1.8922707771010063,GRAPETREE BAY,IMO8133968,HO8940,31,1,27,8,3.4,52,A,3
565516000,2025-08-07T12:49:43,18.244435268919155,-64.97850543903814,0,0,1.3478793965381435,KAZAK,IMO9739549,9V2928,80,1,119,20,7.3,80,A,4
375605000,2025-08-07T12:49:44,18.25471053571747,-64.98200806433609,0,0,-1.9509768966933427,DENI,IMO9844382,J8B6015,52,1,28,11,4.7,52,A,1
564702000,2025-08-07T12:49:44,18.23442692785493,-64.98321087839093,0,0,2.0715504307451713,EPIC CURACAO,IMO9698288,9V2515,80,1,95,15,5.5,80,A,2
353327000,2025-08-07T12:49:44,18.256302824268637,-64.97790009590773,0,0,-1.8919061383727498,GRAPETREE BAY,IMO8133968,HO8940,31,1,27,8,3.4,52,A,3
565516000,2025-08-07T12:49:44,18.24443525764721,-64.97850545236456,0,0,1.3478727999739888,KAZAK,IMO9739549,9V2928,80,1,119,20,7.3,80,A,4
375605000,2025-08-07T12:49:44,18.254702986143098,-64.98201119749447,0,0,-1.9510816172461132,DENI,IMO9844382,J8B6015,52,1,28,11,4.7,52,A,1
564702000,2025-08-07T12:49:44,18.234434038862858,-64.98321503704737,0,0,2.072075202142203,EPIC CURACAO,IMO9698288,9V2515,80,1,95,15,5.5,80,A,2
353327000,2025-08-07T12:49:44,18.256295047439934,-64.97790282055824,0,0,-1.8913837710836614,GRAPETREE BAY,IMO8133968,HO8940,31,1,27,8,3.4,52,A,3
565516000,2025-08-07T12:49:44,18.244435283610276,-64.97850537915468,0,0,1.3476855029689818,KAZAK,IMO9739549,9V2928,80,1,119,20,7.3,80,A,4
375605000,2025-08-07T12:49:45,18.254691624450466,-64.98201590089954,0,0,-1.9514950533260638,DENI,IMO9844382,J8B6015,52,1,28,11,4.7,52,A,1
564702000,2025-08-07T12:49:45,18.234444797135826,-64.98322107729201,0,0,2.0722175267668224,EPIC CURACAO,IMO9698288,9V2515,80,1,95,15,5.5,80,A,2
353327000,2025-08-07T12:49:45,18.256283459292447,-64.97790671336226,0,0,-1.8911652717264407,GRAPETREE BAY,IMO8133968,HO8940,31,1,27,8,3.4,52,A,3
565516000,2025-08-07T12:49:45,18.24443531295785,-64.9785053562526,0,0,1.3476689292661568,KAZAK,IMO9739549,9V2928,80,1,119,20,7.3,80,A,4
375605000,2025-08-07T12:49:45,18.254684001803195,-64.98201911873673,0,0,-1.952425150825644,DENI,IMO9844382,J8B6015,52,1,28,11,4.7,52,A,1
564702000,2025-08-07T12:49:45,18.234451959670356,-64.98322514709852,0,0,2.0719532303526615,EPIC CURACAO,IMO9698288,9V2515,80,1,95,15,5.5,80,A,2
353327000,2025-08-07T12:49:45,18.256275658306603,-64.977909454002,0,0,-1.8914653483539408,GRAPETREE BAY,IMO8133968,HO8940,31,1,27,8,3.4,52,A,3
565516000,2025-08-07T12:49:45,18.24443530159209,-64.97850545900549,0,0,1.347905058572792,KAZAK,IMO9739549,9V2928,80,1,119,20,7.3,80,A,4
375605000,2025-08-07T12:49:46,18.25467269946629,-64.98202368033182,0,0,-1.9528065426767265,DENI,IMO9844382,J8B6015,52,1,28,11,4.7,52,A,1
564702000,2025-08-07T12:49:46,18.234462615251548,-64.98323148964947,0,0,2.071569936906468,EPIC CURACAO,IMO9698288,9V2515,80,1,95,15,5.5,80,A,2
353327000,2025-08-07T12:49:46,18.256264044685402,-64.9779133536604,0,0,-1.8918289188226747,GRAPETREE BAY,IMO8133968,HO8940,31,1,27,8,3.4,52,A,3
565516000,2025-08-07T12:49:46,18.244435298768753,-64.97850557598652,0,0,1.3480273514082821,KAZAK,IMO9739549,9V2928,80,1,119,20,7.3,80,A,4
375605000,2025-08-07T12:49:46,18.254665084942832,-64.98202687892139,0,0,-1.9530210245777397,DENI,IMO9844382,J8B6015,52,1,28,11,4.7,52,A,1
564702000,2025-08-07T12:49:46,18.234469742820124,-64.9832356915303,0,0,2.0707985928656316,EPIC CURACAO,IMO9698288,9V2515,80,1,95,15,5.5,80,A,2
353327000,2025-08-07T12:49:46,18.256256304593123,-64.97791591791724,0,0,-1.8923023499503235,GRAPETREE BAY,IMO8133968,HO8940,31,1,27,8,3.4,52,A,3
565516000,2025-08-07T12:49:46,18.24443532779114,-64.97850555651951,0,0,1.3479435346568092,KAZAK,IMO9739549,9V2928,80,1,119,20,7.3,80,A,4
375605000,2025-08-07T12:49:47,18.254653711125066,-64.98203165454385,0,0,-1.9527947444953215,DENI,IMO9844382,J8B6015,52,1,28,11,4.7,52,A,1
564702000,2025-08-07T12:49:47,18.234480513832793,-64.98324183424558,0,0,2.07030408681448,EPIC CURACAO,IMO9698288,9V2515,80,1,95,15,5.5,80,A,2
353327000,2025-08-07T12:49:47,18.256244614032845,-64.97791997835988,0,0,-1.8925371120466892,GRAPETREE BAY,IMO8133968,HO8940,31,1,27,8,3.4,52,A,3
565516000,2025-08-07T12:49:47,18.244435356355858,-64.97850555752176,0,0,1.34790415819762,KAZAK,IMO9739549,9V2928,80,1,119,20,7.3,80,A,4
375605000,2025-08-07T12:49:47,18.254646176286702,-64.98203476839768,0,0,-1.9519431398163383,DENI,IMO9844382,J8B6015,52,1,28,11,4.7,52,A,1
564702000,2025-08-07T12:49:47,18.234487660072876,-64.98324599290038,0,0,2.0699510546944824,EPIC CURACAO,IMO9698288,9V2515,80,1,95,15,5.5,80,A,2
353327000,2025-08-07T12:49:47,18.256236905222696,-64.97792254108978,0,0,-1.8922035877601469,GRAPETREE BAY,IMO8133968,HO8940,31,1,27,8,3.4,52,A,3
565516000,2025-08-07T12:49:47,18.24443534144391,-64.97850563183897,0,0,1.3480164021082954,KAZAK,IMO9739549,9V2928,80,1,119,20,7.3,80,A,4
375605000,2025-08-07T12:49:48,18.254634743737483,-64.9820397165494,0,0,-1.951503851802993,DENI,IMO9844382,J8B6015,52,1,28,11,4.7,52,A,1
564702000,2025-08-07T12:49:48,18.234498318493372,-64.98325231858267,0,0,2.070049569594026,EPIC CURACAO,IMO9698288,9V2515,80,1,95,15,5.5,80,A,2
353327000,2025-08-07T12:49:48,18.256225261330798,-64.97792658125917,0,0,-1.8917840163082578,GRAPETREE BAY,IMO8133968,HO8940,31,1,27,8,3.4,52,A,3
565516000,2025-08-07T12:49:48,18.24443533019863,-64.9785056595161,0,0,1.348020299165303,KAZAK,IMO9739549,9V2928,80,1,119,20,7.3,80,A,4
375605000,2025-08-07T12:49:48,18.2546272006805,-64.98204286349265,0,0,-1.951040437316904,DENI,IMO9844382,J8B6015,52,1,28,11,4.7,52,A,1
564702000,2025-08-07T12:49:48,18.234505470708218,-64.98325640267426,0,0,2.070496849030852,EPIC CURACAO,IMO9698288,9V2515,80,1,95,15,5.5,80,A,2
353327000,2025-08-07T12:49:48,18.256217476367297,-64.97792935223785,0,0,-1.8911670466241766,GRAPETREE BAY,IMO8133968,HO8940,31,1,27,8,3.4,52,A,3
565516000,2025-08-07T12:49:48,18.244435353596437,-64.97850557075472,0,0,1.3477752205498184,KAZAK,IMO9739549,9V2928,80,1,119,20,7.3,80,A,4
375605000,2025-08-07T12:49:49,18.25461583166025,-64.98204762812497,0,0,-1.9511094847710553,DENI,IMO9844382,J8B6015,52,1,28,11,4.7,52,A,1
564702000,2025-08-07T12:49:49,18.234516243428477,-64.98326241092533,0,0,2.0707463193598437,EPIC CURACAO,IMO9698288,9V2515,80,1,95,15,5.5,80,A,2
353327000,2025-08-07T12:49:49,18.25620590296828,-64.97793328850962,0,0,-1.8907870878846091,GRAPETREE BAY,IMO8133968,HO8940,31,1,27,8,3.4,52,A,3
565516000,2025-08-07T12:49:49,18.244435377007594,-64.97850549466418,0,0,1.3476874033487949,KAZAK,IMO9739549,9V2928,80,1,119,20,7.3,80,A,4
375605000,2025-08-07T12:49:49,18.254608212122527,-64.98205086423367,0,0,-1.951806997390435,DENI,IMO9844382,J8B6015,52,1,28,11,4.7,52,A,1
564702000,2025-08-07T12:49:49,18.23452336936346,-64.98326654330337,0,0,2.070825177298946,EPIC CURACAO,IMO9698288,9V2515,80,1,95,15,5.5,80,A,2
353327000,2025-08-07T12:49:49,18.256198115123578,-64.97793605609093,0,0,-1.8909022100393886,GRAPETREE BAY,IMO8133968,HO8940,31,1,27,8,3.4,52,A,3
565516000,2025-08-07T12:49:49,18.244435361914473,-64.97850555451554,0,0,1.3478155414854163,KAZAK,IMO9739549,9V2928,80,1,119,20,7.3,80,A,4
375605000,2025-08-07T12:49:50,18.254596909396266,-64.98205543361681,0,0,-1.9523281206825827,DENI,IMO9844382,J8B6015,52,1,28,11,4.7,52,A,1
564702000,2025-08-07T12:49:50,18.234534033407922,-64.98327283112488,0,0,2.0706162604114606,EPIC CURACAO,IMO9698288,9V2515,80,1,95,15,5.5,80,A,2
353327000,2025-08-07T12:49:50,18.256186487790355,-64.97794005680944,0,0,-1.8913221138680483,GRAPETREE BAY,IMO8133968,HO8940,31,1,27,8,3.4,52,A,3
565516000,2025-08-07T12:49:50,18.244435356319293,-64.97850562249657,0,0,1.3478883422948587,KAZAK,IMO9739549,9V2928,80,1,119,20,7.3,80,A,4
375605000,2025-08-07T12:49:50,18.2545892898115,-64.982058626142,0,0,-1.9530488809321807,DENI,IMO9844382,J8B6015,52,1,28,11,4.7,52,A,1
564702000,2025-08-07T12:49:50,18.234541203426925,-64.98327692231419,0,0,2.069839038414023,EPIC CURACAO,IMO9698288,9V2515,80,1,95,15,5.5,80,A,2
353327000,2025-08-07T12:49:50,18.25617876093443,-64.97794262259247,0,0,-1.892204008284418,GRAPETREE BAY,IMO8133968,HO8940,31,1,27,8,3.4,52,A,3
565516000,2025-08-07T12:49:50,18.24443538596297,-64.97850559275082,0,0,1.3478119337058667,KAZAK,IMO9739549,9V2928,80,1,119,20,7.3,80,A,4
375605000,2025-08-07T12:49:51,18.254577922337923,-64.98206334196989,0,0,-1.9531926821382257,DENI,IMO9844382,J8B6015,52,1,28,11,4.7,52,A,1
564702000,2025-08-07T12:49:51,18.234551962697633,-64.98328308641348,0,0,2.069205759180657,EPIC CURACAO,IMO9698288,9V2515,80,1,95,15,5.5,80,A,2
353327000,2025-08-07T12:49:51,18.256167071739853,-64.97794668934044,0,0,-1.8928832388729542,GRAPETREE BAY,IMO8133968,HO8940,31,1,27,8,3.4,52,A,3
565516000,2025-08-07T12:49:51,18.24443541801202,-64.97850561921987,0,0,1.3478244483291242,KAZAK,IMO9739549,9V2928,80,1,119,20,7.3,80,A,4
375605000,2025-08-07T12:49:51,18.254570381967262,-64.98206643275948,0,0,-1.9527156762751212,DENI,IMO9844382,J8B6015,52,1,28,11,4.7,52,A,1
564702000,2025-08-07T12:49:51,18.234559075344784,-64.9832873313727,0,0,2.0685352582825827,EPIC CURACAO,IMO9698288,9V2515,80,1,95,15,5.5,80,A,2
353327000,2025-08-07T12:49:51,18.25615935757757,-64.97794925539276,0,0,-1.8932902535913914,GRAPETREE BAY,IMO8133968,HO8940,31,1,27,8,3.4,52,A,3
565516000,2025-08-07T12:49:51,18.24443540657107,-64.97850573040924,0,0,1.348037492827953,KAZAK,IMO9739549,9V2928,80,1,119,20,7.3,80,A,4
375605000,2025-08-07T12:49:52,18.25455895035655,-64.9820713575397,0,0,-1.952305089945169,DENI,IMO9844382,J8B6015,52,1,28,11,4.7,52,A,1
564702000,2025-08-07T12:49:52,18.234569765241382,-64.98329362325946,0,0,2.0683684980034753,EPIC CURACAO,IMO9698288,9V2515,80,1,95,15,5.5,80,A,2
353327000,2025-08-07T12:49:52,18.25614773490632,-64.97795322254294,0,0,-1.8931509585326656,GRAPETREE BAY,IMO8133968,HO8940,31,1,27,8,3.4,52,A,3
565516000,2025-08-07T12:49:52,18.24443540073859,-64.9785058198789,0,0,1.3481116994485305,KAZAK,IMO9739549,9V2928,80,1,119,20,7.3,80,A,4
375605000,2025-08-07T12:49:52,18.254551413718254,-64.98207450012728,0,0,-1.9514824473797658,DENI,IMO9844382,J8B6015,52,1,28,11,4.7,52,A,1
564702000,2025-08-07T12:49:52,18.23457695215242,-64.98329765624622,0,0,2.068483119606656,EPIC CURACAO,IMO9698288,9V2515,80,1,95,15,5.5,80,A,2
353327000,2025-08-07T12:49:52,18.256139943134485,-64.97795600008155,0,0,-1.8925887854256052,GRAPETREE BAY,IMO8133968,HO8940,31,1,27,8,3.4,52,A,3
565516000,2025-08-07T12:49:52,18.244435426102562,-64.97850576394568,0,0,1.3479336479224897,KAZAK,IMO9739549,9V2928,80,1,119,20,7.3,80,A,4
375605000,2025-08-07T12:49:53,18.254540038632694,-64.98207931551977,0,0,-1.9511715701693906,DENI,IMO9844382,J8B6015,52,1,28,11,4.7,52,A,1
564702000,2025-08-07T12:49:53,18.23458769293715,-64.98330375284046,0,0,2.068678456822857,EPIC CURACAO,IMO9698288,9V2515,80,1,95,15,5.5,80,A,2
353327000,2025-08-07T12:49:53,18.2561283783552,-64.97795994884594,0,0,-1.8919004644892046,GRAPETREE BAY,IMO8133968,HO8940,31,1,27,8,3.4,52,A,3
565516000,2025-08-07T12:49:53,18.244435448819733,-64.97850570451499,0,0,1.3478423904703387,KAZAK,IMO9739549,9V2928,80,1,119,20,7.3,80,A,4
375605000,2025-08-07T12:49:53,18.254532423613345,-64.98208257629777,0,0,-1.9513376835043235,DENI,IMO9844382,J8B6015,52,1,28,11,4.7,52,A,1
564702000,2025-08-07T12:49:53,18.23459479847945,-64.98330792403308,0,0,2.0689161928571727,EPIC CURACAO,IMO9698288,9V2515,80,1,95,15,5.5,80,A,2
353327000,2025-08-07T12:49:53,18.25612060597676,-64.97796272287424,0,0,-1.8912048995544941,GRAPETREE BAY,IMO8133968,HO8940,31,1,27,8,3.4,52,A,3
565516000,2025-08-07T12:49:53,18.24443543143547,-64.97850574765029,0,0,1.3478993033729392,KAZAK,IMO9739549,9V2928,80,1,119,20,7.3,80,A,4
375605000,2025-08-07T12:49:54,18.25452112050147,-64.98208718360564,0,0,-1.9517114766741008,DENI,IMO9844382,J8B6015,52,1,28,11,4.7,52,A,1
564702000,2025-08-07T12:49:54,18.23460551462429,-64.98331406926089,0,0,2.0688204935064305,EPIC CURACAO,IMO9698288,9V2515,80,1,95,15,5.5,80,A,2
353327000,2025-08-07T12:49:54,18.25610896690165,-64.97796682722294,0,0,-1.8910701291993175,GRAPETREE BAY,IMO8133968,HO8940,31,1,27,8,3.4,52,A,3
565516000,2025-08-07T12:49:54,18.24443542082769,-64.97850575897773,0,0,1.3478902303829734,KAZAK,IMO9739549,9V2928,80,1,119,20,7.3,80,A,4
375605000,2025-08-07T12:49:54,18.254513496879323,-64.98209039208858,0,0,-1.952622427840769,DENI,IMO9844382,J8B6015,52,1,28,11,4.7,52,A,1
564702000,2025-08-07T12:49:54,18.234612705806597,-64.98331809178833,0,0,2.068128585686785,EPIC CURACAO,IMO9698288,9V2515,80,1,95,15,5.5,80,A,2
353327000,2025-08-07T12:49:54,18.25610125299325,-64.97796942007786,0,0,-1.8913820148627898,GRAPETREE BAY,IMO8133968,HO8940,31,1,27,8,3.4,52,A,3
565516000,2025-08-07T12:49:54,18.24443544709952,-64.97850568518322,0,0,1.347702195910314,KAZAK,IMO9739549,9V2928,80,1,119,20,7.3,80,A,4
375605000,2025-08-07T12:49:55,18.25450213589382,-64.98209507191255,0,0,-1.9530948734893452,DENI,IMO9844382,J8B6015,52,1,28,11,4.7,52,A,1
564702000,2025-08-07T12:49:55,18.234623419611875,-64.98332433251255,0,0,2.067511515114204,EPIC CURACAO,IMO9698288,9V2515,80,1,95,15,5.5,80,A,2
353327000,2025-08-07T12:49:55,18.25608957098736,-64.97797352131667,0,0,-1.8920126732386051,GRAPETREE BAY,IMO8133968,HO8940,31,1,27,8,3.4,52,A,3
565516000,2025-08-07T12:49:55,18.24443547580769,-64.97850566468998,0,0,1.3476885130035534,KAZAK,IMO9739549,9V2928,80,1,119,20,7.3,80,A,4
375605000,2025-08-07T12:49:55,18.254494589005716,-64.98209814188246,0,0,-1.9532066097268261,DENI,IMO9844382,J8B6015,52,1,28,11,4.7,52,A,1
564702000,2025-08-07T12:49:55,18.23463052734628,-64.9833285880171,0,0,2.0666363482789363,EPIC CURACAO,IMO9698288,9V2515,80,1,95,15,5.5,80,A,2
353327000,2025-08-07T12:49:55,18.256081845918313,-64.9779761180398,0,0,-1.8929147517937148,GRAPETREE BAY,IMO8133968,HO8940,31,1,27,8,3.4,52,A,3
565516000,2025-08-07T12:49:55,18.244435464169047,-64.97850576833767,0,0,1.3479265024198799,KAZAK,IMO9739549,9V2928,80,1,119,20,7.3,80,A,4
375605000,2025-08-07T12:49:56,18.25448315787894,-64.9821030203804,0,0,-1.953064417306899,DENI,IMO9844382,J8B6015,52,1,28,11,4.7,52,A,1
564702000,2025-08-07T12:49:56,18.2346412750832,-64.98333477838416,0,0,2.0661340720484622,EPIC CURACAO,IMO9698288,9V2515,80,1,95,15,5.5,80,A,2
353327000,2025-08-07T12:49:56,18.256070240558714,-64.97798002250228,0,0,-1.8932642834590692,GRAPETREE BAY,IMO8133968,HO8940,31,1,27,8,3.4,52,A,3
565516000,2025-08-07T12:49:56,18.24443546199208,-64.97850588327765,0,0,1.3480461585809502,KAZAK,IMO9739549,9V2928,80,1,119,20,7.3,80,A,4
375605000,2025-08-07T12:49:56,18.254475626559785,-64.98210613723789,0,0,-1.9522640689673278,DENI,IMO9844382,J8B6015,52,1,28,11,4.7,52,A,1
564702000,2025-08-07T12:49:56,18.234648465002984,-64.98333883141459,0,0,2.0656650620907118,EPIC CURACAO,IMO9698288,9V2515,80,1,95,15,5.5,80,A,2
353327000,2025-08-07T12:49:56,18.256062444043064,-64.97798278199083,0,0,-1.8934225823640738,GRAPETREE BAY,IMO8133968,HO8940,31,1,27,8,3.4,52,A,3
565516000,2025-08-07T12:49:56,18.244435491292478,-64.97850586299279,0,0,1.3479602864504245,KAZAK,IMO9739549,9V2928,80,1,119,20,7.3,80,A,4
375605000,2025-08-07T12:49:57,18.25446424572949,-64.9821109746562,0,0,-1.9517346786218535,DENI,IMO9844382,J8B6015,52,1,28,11,4.7,52,A,1
564702000,2025-08-07T12:49:57,18.234659160555132,-64.98334506007383,0,0,2.0655967985287744,EPIC CURACAO,IMO9698288,9V2515,80,1,95,15,5.5,80,A,2
353327000,2025-08-07T12:49:57,18.256050877653806,-64.9779867063745,0,0,-1.893008846882469,GRAPETREE BAY,IMO8133968,HO8940,31,1,27,8,3.4,52,A,3
565516000,2025-08-07T12:49:57,18.244435519181817,-64.97850586583465,0,0,1.3479230429830042,KAZAK,IMO9739549,9V2928,80,1,119,20,7.3,80,A,4
375605000,2025-08-07T12:49:57,18.2544566364634,-64.9821142509133,0,0,-1.9513413597208968,DENI,IMO9844382,J8B6015,52,1,28,11,4.7,52,A,1
564702000,2025-08-07T12:49:57,18.23466628106848,-64.983349206664,0,0,2.065624938797261,EPIC CURACAO,IMO9698288,9V2515,80,1,95,15,5.5,80,A,2
353327000,2025-08-07T12:49:57,18.25604311816481,-64.97798944810023,0,0,-1.8922114097026577,GRAPETREE BAY,IMO8133968,HO8940,31,1,27,8,3.4,52,A,3
565516000,2025-08-07T12:49:57,18.244435503977538,-64.9785059406931,0,0,1.348036612590448,KAZAK,IMO9739549,9V2928,80,1,119,20,7.3,80,A,4
375605000,2025-08-07T12:49:58,18.254445333126085,-64.98211890782537,0,0,-1.9513488587286625,DENI,IMO9844382,J8B6015,52,1,28,11,4.7,52,A,1
564702000,2025-08-07T12:49:58,18.234677053246372,-64.98335521720638,0,0,2.0654448940968924,EPIC CURACAO,IMO9698288,9V2515,80,1,95,15,5.5,80,A,2
353327000,2025-08-07T12:49:58,18.25603146628406,-64.97799361356047,0,0,-1.8917701559920908,GRAPETREE BAY,IMO8133968,HO8940,31,1,27,8,3.4,52,A,3
565516000,2025-08-07T12:49:58,18.244435493361532,-64.97850596607176,0,0,1.3480377278511095,KAZAK,IMO9739549,9V2928,80,1,119,20,7.3,80,A,4
375605000,2025-08-07T12:49:58,18.254437706727394,-64.98212215027425,0,0,-1.9520184536257557,DENI,IMO9844382,J8B6015,52,1,28,11,4.7,52,A,1
564702000,2025-08-07T12:49:58,18.234684230224662,-64.98335925030196,0,0,2.064737776222507,EPIC CURACAO,IMO9698288,9V2515,80,1,95,15,5.5,80,A,2
353327000,2025-08-07T12:49:58,18.256023762444364,-64.97799623321507,0,0,-1.8913760582402348,GRAPETREE BAY,IMO8133968,HO8940,31,1,27,8,3.4,52,A,3
565516000,2025-08-07T12:49:58,18.244435517046576,-64.97850587653473,0,0,1.3477913185289518,KAZAK,IMO9739549,9V2928,80,1,119,20,7.3,80,A,4
375605000,2025-08-07T12:49:59,18.254426352879026,-64.98212682836736,0,0,-1.9525964832260707,DENI,IMO9844382,J8B6015,52,1,28,11,4.7,52,A,1
564702000,2025-08-07T12:49:59,18.234694907841646,-64.98336553688587,0,0,2.0641111809860155,EPIC CURACAO,IMO9698288,9V2515,80,1,95,15,5.5,80,A,2
353327000,2025-08-07T12:49:59,18.256012091285687,-64.97800037576037,0,0,-1.891610610835521,GRAPETREE BAY,IMO8133968,HO8940,31,1,27,8,3.4,52,A,3
565516000,2025-08-07T12:49:59,18.24443553981092,-64.97850580266991,0,0,1.347706258338764,KAZAK,IMO9739549,9V2928,80,1,119,20,7.3,80,A,4
375605000,2025-08-07T12:49:59,18.254418799158397,-64.98212989486626,0,0,-1.9532212967605884,DENI,IMO9844382,J8B6015,52,1,28,11,4.7,52,A,1
564702000,2025-08-07T12:49:59,18.23470204565682,-64.98336971399037,0,0,2.0628608051434667,EPIC CURACAO,IMO9698288,9V2515,80,1,95,15,5.5,80,A,2
353327000,2025-08-07T12:49:59,18.25600435192896,-64.9780030308982,0,0,-1.8923621901658445,GRAPETREE BAY,IMO8133968,HO8940,31,1,27,8,3.4,52,A,3
565516000,2025-08-07T12:49:59,18.244435524457273,-64.97850586341973,0,0,1.3478362345248678,KAZAK,IMO9739549,9V2928,80,1,119,20,7.3,80,A,4
375605000,2025-08-07T12:50:00,18.254407368594574,-64.98213472771607,0,0,-1.9534601286788118,DENI,IMO9844382,J8B6015,52,1,28,11,4.7,52,A,1
564702000,2025-08-07T12:50:00,18.23471283451495,-64.9833758223849,0,0,2.0618314827369586,EPIC CURACAO,IMO9698288,9V2515,80,1,95,15,5.5,80,A,2
353327000,2025-08-07T12:50:00,18.25599276246813,-64.978006915322,0,0,-1.8929019358065835,GRAPETREE BAY,IMO8133968,HO8940,31,1,27,8,3.4,52,A,3
565516000,2025-08-07T12:50:00,18.24443551954297,-64.97850592955884,0,0,1.3479066933888795,KAZAK,IMO9739549,9V2928,80,1,119,20,7.3,80,A,4
